gauge_id,p_mean,pet_mean,frac_snow,aridity,high_prec_freq,high_prec_dur,gauge_lat,gauge_lon,elev_mean,slope_mean,area_gages2,soil_depth_pelletier,soil_porosity,soil_conductivity,sand_frac,clay_frac,frac_forest,lai_max,lai_diff,gvf_max,gvf_diff,q_mean,runoff_ratio,baseflow_index,stream_elas,carbonate_rocks_frac,geol_permeability
1013500,3.126678987,1.971554511,0.313440357,0.630558659,12.95,1.348958333,47.23739,-68.58264,250.31,21.64152,2252.7,7.404761905,0.461148751,1.106522476,27.84182729,16.27573172,0.9063,4.167303946,3.340731859,0.80456742,0.371648163,1.699154508,0.543437467,0.585225956,1.845324162,0,-14.7019
1022500,3.608125941,2.119255948,0.245259009,0.587356423,20.55,1.205278592,44.60797,-67.93524,92.68,17.79072,573.6,17.41280788,0.415905486,2.375005063,59.39015616,12.03764581,0.9232,4.871392439,3.746691616,0.863935769,0.337712462,2.173062148,0.602268929,0.554478448,1.702782371,0,-14.2138
1030500,3.274405202,2.043593566,0.277018403,0.624111385,17.15,1.207746479,45.50097,-68.30596,143.8,12.79195,3676.17,19.01141439,0.459090984,1.289807346,32.23545843,14.77682378,0.8782,4.685199719,3.665542964,0.858502041,0.35139339,1.820107544,0.555858983,0.508440713,1.377505203,0.052140094,-14.4918
1031500,3.522956879,2.071323696,0.291836473,0.58795034,18.9,1.14893617,45.17501,-69.3147,247.8,29.56035,769.05,7.252557042,0.45023595,1.37329168,35.26903044,12.65412532,0.9548,4.903259373,3.990843406,0.870668492,0.398619402,2.03024228,0.576289279,0.445090526,1.648692987,0.026257979,-14.841
1047000,3.323145791,2.090023874,0.280118127,0.628929336,20.1,1.165217391,44.8692,-69.9551,310.38,49.92122,909.1,5.359654944,0.422748959,2.615154283,55.16313347,10.3036221,0.9906,5.086810765,4.300978387,0.891382765,0.445473208,2.182869575,0.656868435,0.473464931,1.510237549,0,-14.4819
1052500,3.730858316,2.096423231,0.352698254,0.561914459,13.5,1.129707113,44.87739,-71.05749,615.7,60.05183,383.82,1.301349325,0.452325651,1.262995374,30.55766622,11.14332601,1,4.800829962,4.1243127,0.880034058,0.47732793,2.405104604,0.64465182,0.459699942,1.025555476,0,-15.1658
1054200,4.067132101,2.128355058,0.29964154,0.523306105,17.5,1.194539249,44.39044,-70.97964,472.31,90.13951,180.98,0.914754098,0.418460873,2.919142483,58.37616918,9.851261621,1,5.019827283,4.28355132,0.886711471,0.455084305,2.731741571,0.671662858,0.437049818,1.35780829,0,-14.2147
1055000,3.494183436,2.093235291,0.306048852,0.599062794,19.15,1.167682927,44.64275,-70.58878,423.12,72.81304,250.64,2.127058824,0.424025868,2.550001259,53.86201109,10.34632347,0.9916,5.030032987,4.31922587,0.886163454,0.471431452,2.279897481,0.652483627,0.438131658,1.366587125,0,-14.3578
1057000,3.570499658,2.132743778,0.251157673,0.597323619,20.35,1.16954023,44.30399,-70.53968,215.59,32.68445,190.92,3.759146341,0.404117933,4.030392332,69.00673809,7.817564975,0.9415,5.362948699,4.587077127,0.905510481,0.458742009,1.823550607,0.510727008,0.474677471,1.28068088,0.077433416,-13.9903
1073000,3.503025325,2.207615715,0.175032435,0.630202614,20.85,1.226470588,43.1487,-70.96506,37.67,4.75043,31.3,19.90909091,0.41639654,2.948670506,56.57096131,9.967266116,0.9008,4.943949743,4.035087976,0.841420652,0.379144183,1.703194042,0.486206603,0.501891679,2.278788743,0,-14.1
1078000,3.562888433,2.184144572,0.239718522,0.613026373,21.45,1.172131148,43.56646,-71.74786,346.92,49.77182,222.46,3.639784946,0.40389262,4.025400765,69.15740644,7.848279334,0.9873,5.391687137,4.505298773,0.898650643,0.424911376,1.755803457,0.492803379,0.491188699,1.526653663,0,-14.1061
1118300,3.897430527,2.310036975,0.111232483,0.592707672,21.5,1.295180723,41.47482,-71.83424,36.7,8.76539,10.36,12.92,0.414290146,3.271004515,60.60784181,9.27338817,0.933,5.582120612,4.807568587,0.911301526,0.469205885,2.12957507,0.546404883,0.559172033,0.382857209,0,-14.1
1121000,3.719590691,2.301408433,0.154227151,0.618726259,21.5,1.197771588,41.84371,-72.16897,141.54,16.99385,70.25,8.962264151,0.41727023,3.068217977,55.81394753,9.166663022,0.9652,5.434685119,4.823193253,0.908561005,0.497627232,1.958340612,0.526493578,0.536306404,1.16604444,0,-14.1
1123000,3.8242423,2.306333525,0.136053399,0.603082479,21.15,1.233236152,41.67177,-72.0523,120.1,17.14893,77.85,9.085106383,0.41712277,3.079459536,52.74689479,8.689368206,0.9141,5.403096653,4.806143702,0.907407231,0.506890048,1.737335292,0.454295297,0.585541653,0.963139984,0,-14.1
1134500,3.467412731,2.091698084,0.280582089,0.603244622,15.85,1.152727273,44.51172,-71.83731,450.54,47.54354,195.13,4.074074074,0.439227361,1.755953065,42.58599324,12.7242065,0.9963,4.930550384,4.273606729,0.886216249,0.476794083,2.077579238,0.599172755,0.487598316,1.107874645,0,-14.1198
1137500,3.98419165,2.144045982,0.301814976,0.538138265,15.5,1.280991736,44.26867,-71.63036,784.85,110.13062,228.55,1.561097257,0.419818682,2.777689532,53.80058342,8.728078551,0.9972,4.541467702,3.658222608,0.865791461,0.393542621,2.379463369,0.597226132,0.541710337,1.406600877,0,-14.1
1139000,3.13454757,2.113980287,0.246562672,0.67441321,18.65,1.169278997,44.15034,-72.06509,373.34,43.10796,246.33,3.75,0.436952792,1.886761448,44.45661527,13.2940923,0.9737,5.069473862,4.389500633,0.880091527,0.467340843,1.697472696,0.541536747,0.572169832,2.162962246,0.521678757,-12.922
1139800,3.3035154,2.127185339,0.262328973,0.643915672,19.45,1.164670659,44.09284,-72.33565,518.15,40.99895,22.8,2.510638298,0.435806653,1.936255362,45.31480455,13.09817577,1,5.213125842,4.633122171,0.899032856,0.526026716,1.811682772,0.548410573,0.607173226,1.747615158,1,-11.8
1142500,3.314670773,2.147046776,0.252307891,0.647740582,19.8,1.128205128,43.93451,-72.65788,346.62,46.92575,82.17,2.876811594,0.43802036,1.778642926,43.40659614,14.43857614,0.9799,4.886291991,4.237053137,0.884819537,0.493403982,1.723016458,0.519815262,0.571788087,1.506497417,0.764501415,-12.5655
1144000,3.420859685,2.157740342,0.248466349,0.630759675,19.05,1.133928571,43.71424,-72.41815,459.8,60.29261,1790.24,2.106799451,0.436028932,1.876624414,44.9595193,13.08239523,0.9813,5.164034451,4.495081274,0.897221568,0.492946827,1.858755088,0.543359056,0.562748927,1.72902621,0.32370672,-13.3802
1162500,3.783534565,2.257490363,0.226769185,0.596661752,21.1,1.14673913,42.68259,-72.11508,310.07,18.45782,49.71,9.323076923,0.408761833,3.658027998,65.4867641,8.775571804,0.9663,5.402681684,4.149711912,0.884472664,0.33293526,1.835881419,0.485229192,0.508575106,1.153614394,0,-14.1
1169000,3.921166324,2.252516537,0.238972606,0.574450648,19.6,1.126436782,42.63842,-72.72509,374.89,49.54362,230.64,3.955613577,0.439941195,1.70345681,42.5077621,12.69671129,0.997,5.378126057,4.606850213,0.904142372,0.45568448,2.236962716,0.570484017,0.51188818,1.08151278,0.019691865,-14.2609
1170100,3.894581793,2.242787461,0.234653735,0.57587376,19.95,1.108333333,42.70342,-72.67065,325.71,49.33091,106.99,3.654054054,0.431894768,2.042825775,48.4324115,11.70596598,0.997,5.384063869,4.619936647,0.899812263,0.456794566,2.171760805,0.55763646,0.536996501,1.433915354,0.318774098,-13.7095
1181000,3.815023956,2.266098741,0.217563041,0.593993319,20.4,1.159090909,42.23731,-72.89565,417.93,33.2844,243.5,5.0275,0.43235482,2.039482848,47.7674734,12.18011645,0.9944,5.385990011,4.703243126,0.903143493,0.481896141,2.151425364,0.563934955,0.491211973,1.264258571,0.002995176,-14.1061
1187300,3.950607803,2.280597782,0.201269336,0.577277699,21.15,1.181564246,42.03732,-72.93899,309.1,38.2676,53.92,6.956521739,0.433983214,1.858861767,47.01299173,11.50902197,0.9932,5.397198985,4.535364372,0.891263567,0.414442438,2.00228137,0.506828688,0.44472293,0.6666795,0,-14.8804
1195100,3.682481862,2.353993196,0.106042892,0.639240948,22.6,1.280453258,41.30593,-72.5312,19.17,7.9307,14.84,14.44,0.417038235,3.09007932,58.88847572,9.53958967,0.9171,5.469579471,4.831464812,0.907067965,0.497049297,1.622353782,0.440559884,0.517895405,1.183608882,0,-14.1
1333000,3.704639288,2.212718385,0.222244968,0.597283085,19,1.210191083,42.70897,-73.19677,485.91,74.78725,112.16,2.837837838,0.445119708,1.542100935,38.44172933,14.30550409,0.9844,5.010562168,4.424147195,0.89490959,0.51914667,2.068089608,0.558243178,0.55280724,1.580211096,0.312362724,-13.3765
1350000,3.86979603,2.246002067,0.231159658,0.580392881,20.4,1.172413793,42.31953,-74.43654,612.78,88.25169,612.51,1.924089069,0.453190114,1.265259338,33.15468082,12.78443068,0.9966,5.05258398,4.338213735,0.886759765,0.465373102,2.107518389,0.544607099,0.454634129,1.564264375,0,-15.2049
1350080,3.492825462,2.239032772,0.221156578,0.641037692,20,1.166180758,42.37703,-74.41292,587.35,60.00338,83.84,3.054794521,0.451886963,1.268097499,33.349078,13.80884377,0.994,5.013337258,4.144402116,0.877524311,0.429201487,1.534578498,0.439351612,0.492301448,1.338659661,0,-15.3774
1350140,3.501422313,2.240501054,0.219859027,0.639883126,18.4,1.179487179,42.42897,-74.47293,579.74,61.8248,43.76,3.222222222,0.46182318,1.06054056,22.78097141,13.58657719,0.991,5.045958479,4.268878933,0.886644695,0.459899742,1.499652704,0.428298151,0.459146755,1.179226741,0,-15.8034
1365000,4.211436003,2.302954305,0.202270211,0.546833504,19.4,1.172205438,41.86648,-74.4871,465.17,51.87268,99.57,0.964705882,0.462963031,1.07409636,26.21848204,12.99114864,1,5.240053935,4.632726683,0.902036827,0.502087052,2.719211093,0.645673136,0.554875052,1.309946046,0,-15.2
1411300,3.175449692,2.534943929,0.048094855,0.79829447,22.85,1.33625731,39.30694,-74.82056,15.25,2.0326,79.32,49.296,0.40786963,3.459901727,39.68933797,5.837615946,0.8487,5.353999055,4.574302867,0.893805808,0.440481796,1.188185991,0.374178811,0.724230437,1.050374095,0,-13
1413500,3.832546201,2.234765435,0.216908034,0.583102021,18.7,1.154320988,42.14481,-74.65349,724.51,69.6517,424.1,1.494252874,0.454590908,1.240832465,31.4215726,14.12566114,0.9974,4.862055568,4.308753036,0.882832411,0.523567907,1.959340071,0.511237169,0.530017057,1.212595532,0,-15.1998
1414500,3.979971253,2.229746119,0.216628505,0.560241765,19.35,1.162162162,42.1062,-74.73043,775.58,59.57585,64.45,1.063636364,0.462187414,1.089078881,25.05590543,12.77161598,1,5.089838653,4.55250318,0.888611918,0.524892152,2.239577811,0.562712057,0.530299154,1.161063061,0,-15.2
1415000,3.773122519,2.237511444,0.213452185,0.593013196,18.3,1.180645161,42.12009,-74.81849,604.34,64.53263,85.63,2.181818182,0.454943729,1.248568979,31.30062846,15.1604822,1,4.764848731,4.22083492,0.876677801,0.522300698,1.809878082,0.479676468,0.509840196,1.262669563,0,-15.2
1423000,3.703760438,2.226759959,0.217830298,0.601215979,15.95,1.16,42.1662,-75.13989,593.67,49.86765,859.68,2.435565155,0.449091907,1.376533511,35.54869532,14.67282627,0.9854,4.327719174,3.798575782,0.859112741,0.525288841,1.840687847,0.496978106,0.522809848,1.479674867,0,-15.1997
1434025,4.437002053,2.272434374,0.237813731,0.512155358,19.15,1.178461538,41.99537,-74.50099,729.33,59.4071,9.7,0.833333333,0.464777927,1.043915853,25.07550536,12.47258091,1,5.143147348,4.649483013,0.894837677,0.541983527,2.816439582,0.634761839,0.493758124,0.738849584,0,-15.2
1435000,4.317653662,2.29707295,0.223616269,0.532018807,19.5,1.167664671,41.89009,-74.58988,560.05,54.94492,172.46,1.12,0.459799234,1.130887342,28.25034296,13.74399602,1,5.203120359,4.644765532,0.898253636,0.51975401,2.967315458,0.687251848,0.540275165,1.246484253,0,-15.1995
1439500,3.683258042,2.34455796,0.163765229,0.636544585,20,1.194029851,41.08815,-75.03767,307.06,22.25987,305.88,3.073770492,0.441740259,1.659095312,40.97317987,13.72385169,0.997,5.173878417,4.65243877,0.890052775,0.533022343,2.02736445,0.550426939,0.58446711,1.160536673,0,-15.2772
1440000,3.549893224,2.343015893,0.147767408,0.660024329,20.3,1.237804878,41.10667,-74.95222,234.2,28.80165,167.72,4.186131387,0.440099538,1.74997097,32.95325403,11.14054718,0.908,5.283248892,4.757701793,0.896403759,0.534910927,1.797090745,0.506237971,0.589172276,0.953120109,0.149521985,-14.227
1440400,3.753351129,2.336390335,0.172223371,0.622481152,20.4,1.179190751,41.08481,-75.21462,334.06,26.46515,175.21,2.487632509,0.44758758,1.4455479,36.5670825,14.83017067,0.9933,5.204995635,4.650073265,0.895056492,0.516361698,2.069011433,0.551243772,0.562586937,1.147147039,0,-14.8732
1451800,3.503207392,2.418850856,0.128362666,0.690467502,23.8,1.233160622,40.66176,-75.62685,180.41,14.8941,135.84,1.037037037,0.452859,1.243021587,32.12866245,17.61702514,0.4915,2.055260002,1.718289917,0.691312678,0.421700869,1.759909227,0.502370836,0.477158376,1.548397182,0.00281193,-16.2182
1466500,3.539837098,3.059820849,0.06266177,0.864395949,23.45,1.257372654,39.885,-74.50528,38.94,2.53456,5.38,49.63636364,0.377516726,7.95458309,83.36642604,3.180636489,1,4.196265225,2.759381207,0.82315865,0.236725954,0.853261967,0.241045546,0.837326882,0.225541509,0,-13
1484100,3.321273101,2.602614374,0.042571686,0.783619502,23.45,1.208762887,38.90578,-75.51275,17.97,1.03721,9,49.55555556,0.405855753,3.200922949,58.69164709,13.86663603,0.3605,2.100864873,1.623749753,0.706892873,0.355527724,0.996853103,0.300141865,0.708418602,1.303015106,0,-13
1485500,3.240579055,2.630299562,0.03163638,0.811675789,22.55,1.199468085,38.22892,-75.47144,15.46,1.66864,141.54,47.84659091,0.400900001,4.259142332,53.02732956,6.325269618,0.867,4.695433177,3.276996924,0.834604916,0.258359552,0.917682276,0.283184659,0.476673305,1.74340159,0,-10.9
1486000,3.274416153,2.674827543,0.030600833,0.816886864,22.8,1.222520107,38.21389,-75.67139,10.21,1.47125,11.18,46.44444444,0.422958038,1.893537041,42.11160116,11.87945081,0.8888,5.070658596,3.373949657,0.844506039,0.236841856,1.254532801,0.383131753,0.520550201,1.51786389,0,-10.9
1487000,3.339039014,2.60757013,0.042468989,0.78093431,23.05,1.245945946,38.72833,-75.56186,13.84,1.09998,187.41,49.19310345,0.417958798,2.595516789,38.68261864,9.921566304,0.4165,2.158201579,1.672383011,0.709765476,0.354995129,1.304607326,0.390713412,0.744016868,1.317448168,0,-13
1491000,3.305075975,2.59245614,0.050025721,0.784386247,21.85,1.213888889,38.99719,-75.78581,18.54,1.41948,292.04,48.52901786,0.420756428,2.520857233,33.00294405,8.065632658,0.2319,2.711638501,2.276448566,0.758678996,0.425617873,1.22951957,0.372009472,0.556539701,1.342325308,0,-12.4235
1510000,3.462294319,2.240820068,0.237057401,0.647206696,16.2,1.109589041,42.54118,-75.89964,482.21,28.76423,382.99,3.842696629,0.46091832,1.054860901,25.24562578,16.08824447,0.9804,4.506815006,3.907958547,0.867876569,0.503985762,1.900061028,0.548786687,0.50418879,1.321720993,0.072007708,-16.0426
1516500,3.182643395,2.266105298,0.199238598,0.712019858,18.25,1.116207951,41.79091,-77.01469,634.59,29.79686,31.48,4.886792453,0.456920273,1.197002775,29.82002113,15.50080225,0.9661,3.95898585,3.459232604,0.825131048,0.49060868,1.029182613,0.323373525,0.416854381,1.201383663,0,-15.4207
1518862,3.031641342,2.267785079,0.201111345,0.74803871,18.5,1.138461538,41.92313,-77.53193,600.87,37.28156,233.91,3.427440633,0.458989327,1.154388907,26.92625037,14.02503955,0.9837,3.946254663,3.442134554,0.829469642,0.503336971,1.19837841,0.395290298,0.429466195,1.643721058,0,-15.7286
1532000,3.195078713,2.29690731,0.176741267,0.718889115,18.8,1.119047619,41.70702,-76.48467,507.14,40.91626,553.94,3.357222844,0.453964375,1.266221296,31.88877352,15.54733932,0.9549,4.316377385,3.772380781,0.848866708,0.48531514,1.347748023,0.421819975,0.436231936,1.676304973,0,-14.736
1539000,3.423427789,2.360101848,0.156285913,0.689397292,20.4,1.136490251,41.07814,-76.43106,333.75,32.47937,701.78,4.596067918,0.45257333,1.281931465,32.84689658,15.63264112,0.8311,4.66934874,4.012789573,0.864375068,0.462749305,1.778496438,0.519507507,0.518896819,1.406484486,0,-15.5264
1542810,3.422528405,2.268752923,0.189716486,0.662887975,15.85,1.112280702,41.57895,-78.29251,492.7,45.55723,13.62,0.96,0.454815419,1.196305738,31.01812599,16.59146541,1,5.266090177,4.744777216,0.900412061,0.550344058,1.599205127,0.467258394,0.386466354,1.41962585,0,-15.0206
1543000,3.390019165,2.276676564,0.188056577,0.67158221,16.45,1.093023256,41.4134,-78.19695,543.37,36.53752,705.5,0.992888889,0.450639311,1.301087878,33.93708536,16.6757513,0.9922,5.141401135,4.598338306,0.895337795,0.534380368,1.647944612,0.486116606,0.448967038,1.937803671,0,-14.6131
1543500,3.4089295,2.283926448,0.181653611,0.669983479,17.1,1.092651757,41.31728,-78.10306,547.44,31.28232,1778.26,1.020021452,0.448123663,1.353188264,35.59339992,17.11813287,0.9878,5.123423743,4.570163491,0.894548372,0.524107205,1.630548211,0.478316789,0.482957364,2.05031437,0,-14.3537
1544500,3.363519507,2.290695181,0.203362893,0.681041146,17.5,1.107594937,41.4759,-77.82582,551.6,36.26274,355.06,0.951807229,0.446212022,1.399198454,36.29208259,16.51665322,1,5.060731784,4.537998036,0.892128244,0.530975321,1.634217303,0.485865267,0.485230738,1.039988747,0,-15.1862
1545600,3.384574949,2.298031951,0.192645541,0.678972097,17.55,1.090062112,41.38951,-77.69082,518.97,53.68312,120,0.970149254,0.432630012,1.88470305,46.61053372,16.31277943,1,5.191066694,4.613344655,0.897149346,0.503536545,1.517910981,0.448479057,0.514876336,1.069583278,0,-14.1559
1547700,3.135013005,2.347398152,0.156172998,0.748768234,20.4,1.133333333,41.05951,-77.60583,353.57,43.0263,113.54,1.209677419,0.455840592,1.162355466,30.56813564,15.54771803,0.9047,4.933508723,4.35365226,0.880398373,0.500770966,1.347965209,0.42997117,0.442897107,2.384803975,0.00297527,-15.1697
1548500,3.153345654,2.271782218,0.20208863,0.720435521,18.1,1.120743034,41.52174,-77.44748,546.71,39.14167,1557.05,1.029566626,0.455161395,1.221725203,29.48293235,14.67219303,0.9866,4.780098633,4.2352819,0.87675881,0.508506796,1.435443596,0.455212892,0.494162983,1.107207974,0,-14.8083
1549500,3.332225873,2.293808241,0.186519053,0.688371175,19.05,1.205696203,41.47368,-77.23081,528.16,32.39343,97.49,0.950920245,0.454524347,1.252028739,31.28929924,15.55964706,0.9888,4.496868177,3.906737119,0.859754604,0.481439597,1.511147062,0.453494787,0.471683755,1.008290102,0,-15.0026
1550000,3.369765914,2.292907214,0.179825513,0.680435162,17.8,1.206779661,41.41841,-77.03275,455.41,46.28526,452.68,1.172366621,0.45700722,1.19884973,27.68659,14.24547524,0.988,4.836366028,4.258416191,0.881260618,0.502453434,1.672919471,0.496449758,0.495114303,1.5637571,0,-14.3602
1552000,3.476997947,2.311664175,0.173059123,0.664844849,18.55,1.170347003,41.32508,-76.91246,461.43,37.27533,1129.49,3.89556429,0.451261463,1.332821341,33.44363478,15.41812417,0.9911,4.969154779,4.376224239,0.885104673,0.48687381,1.719249671,0.494463815,0.510549498,1.214325391,0,-14.4365
1552500,3.623085558,2.291999398,0.185169708,0.632609791,19.6,1.126436782,41.35702,-76.53467,535.24,46.46363,60.64,1.663461538,0.451239662,1.337832805,33.79184094,15.6106045,0.9956,5.110324774,4.518489392,0.897540984,0.493856182,1.982566016,0.547203753,0.484827873,1.182488991,0,-15.0374
1557500,3.153099247,2.359596112,0.158671824,0.748341846,18.95,1.12462908,40.68367,-78.23362,389.99,38.17147,115.3,1.115789474,0.447073834,1.364428033,36.55620691,16.26041119,0.9012,4.952728385,4.369767194,0.882674354,0.495209332,1.599417902,0.507252635,0.53043975,1.62476427,0.045960106,-15.272
1567500,3.212839151,2.433813703,0.126036066,0.757527404,21.3,1.213675214,40.37092,-77.40221,314.48,46.47316,38.77,0.892307692,0.458927241,0.914900534,26.44161296,23.04234711,0.7969,3.534509574,3.012205154,0.796606655,0.452560563,1.296613594,0.40357252,0.553409319,1.645361874,0.225621091,-14.897
1568000,3.329701574,2.424954155,0.128510858,0.728279727,21.2,1.23255814,40.32342,-77.16887,265.52,34.52646,534.39,1.029761905,0.444740844,1.291120109,37.51563587,18.88365774,0.7062,4.366582475,3.833884135,0.842628992,0.487523051,1.423346967,0.42746983,0.517278236,1.786342573,0.113782284,-15.5296
1580000,3.431727584,2.527252526,0.081688092,0.736437396,22,1.198910082,39.62997,-76.40331,174.3,12.44242,244.37,1.046153846,0.456305792,1.106998626,29.4296279,18.65982721,0.4241,2.511603683,2.146753948,0.752734193,0.456907121,1.30529953,0.380362222,0.715800754,1.106158908,0,-14.1
1583500,3.262125941,2.552896482,0.08072865,0.782586733,22.4,1.220708447,39.51078,-76.6765,156.32,13.67585,155.85,1.1,0.452261479,1.232334306,32.44555866,18.0157494,0.5155,2.860624185,2.416905685,0.763722724,0.436134135,1.099419442,0.337025444,0.730657372,1.049053952,0.168434279,-13.7057
1586610,3.304661191,2.544047967,0.088413479,0.769836246,22.4,1.201072386,39.45189,-76.95531,196.88,11.85286,72.7,1.016806723,0.455757721,1.16555746,29.02656055,16.08803429,0.3247,2.51629325,2.091591907,0.72684709,0.405830641,1.163194649,0.351986053,0.661737774,1.225913117,0,-14.039
1591400,3.28500616,2.624023504,0.083876423,0.798788001,23.1,1.225464191,39.25597,-77.05106,149.21,7.79146,59.09,1.031578947,0.460698153,0.998954629,26.13516527,19.43219537,0.3311,2.260570469,1.803956084,0.71749357,0.380321039,1.067365618,0.324920431,0.635939707,1.276611878,0,-14.1
1594950,3.921103354,2.453434305,0.189214297,0.625699984,15.25,1.101083032,39.27669,-79.39031,899.82,37.38218,6.12,1,0.44446375,1.547841503,38.625,15.375,0.9731,4.645882791,4.144298108,0.864965901,0.523308453,1.803768421,0.460015526,0.46828072,1.696369208,0,-16.2759
1596500,3.314265572,2.436867447,0.188402158,0.735266198,19.15,1.091168091,39.57006,-79.10194,663.42,53.96684,124.65,1,0.444503428,1.494552717,32.22422226,13.25394826,0.8759,4.469827189,3.911409412,0.851818191,0.476878615,1.536612479,0.463635893,0.441481526,1.855214393,0,-15.2383
1605500,3.209689254,2.516571869,0.137136101,0.784054676,19.15,1.243506494,38.63567,-79.33782,856.86,70.44106,463.85,0.950413223,0.437575282,1.626467031,43.14885864,15.89296092,0.9904,4.649156887,4.044636122,0.852298151,0.471469672,1.009597257,0.314546729,0.54443486,1.905030096,0.165201728,-13.8824
1606500,3.36347707,2.499055975,0.148750519,0.742997774,17,1.192982456,38.99122,-79.17587,836.38,75.86214,1684.55,0.950409996,0.445370004,1.361674588,36.48168771,16.68095777,0.9336,4.778170216,4.198566914,0.868890746,0.489592693,1.210237022,0.359817236,0.518890696,2.073786314,0.218157716,-14.1648
1613050,3.088505133,2.446746174,0.130491593,0.792210493,21,1.153846154,39.89842,-78.13223,261.6,35.54433,27.9,0.931818182,0.432171149,1.974184883,43.75071579,14.27221643,0.9354,4.187258127,3.666815216,0.83396503,0.471154404,1.238651983,0.401052266,0.418222661,2.081062626,0,-15.2693
1620500,3.398616016,2.527717823,0.123997408,0.743749165,22.25,1.275071633,38.33763,-79.24004,786.35,74.979,44.74,0.95,0.437617743,1.680787944,43.24541766,16.14530893,0.9722,4.888811167,4.183343269,0.871762826,0.433896124,1.632579503,0.480365977,0.414732516,1.983934882,0,-15.9424
1632000,2.931040383,2.549987953,0.11002487,0.869994139,20.55,1.223214286,38.63706,-78.8528,543.76,51.70815,543.36,1.092771084,0.443421976,1.488407594,39.07847384,16.45024511,0.708,4.936278611,4.279840821,0.882824187,0.469956504,0.946655485,0.322975927,0.39134057,1.673041167,0.014059601,-15.5394
1632900,2.908112252,2.592829227,0.098076329,0.891584988,21.45,1.198324022,38.69345,-78.64279,417.29,48.62437,245.05,1.059431525,0.449471372,0.731771063,29.70917648,36.05837118,0.5837,3.551706593,2.918349727,0.783806448,0.395233815,0.799203451,0.274818639,0.592229402,2.658132698,0.600787375,-12.9503
1634500,2.979180014,2.523664025,0.114828394,0.847100213,22,1.145833333,39.08122,-78.32945,344.44,47.4082,263.98,0.901960784,0.442908685,1.390160125,39.03887329,17.98949993,0.7781,4.94219719,4.34304389,0.88371617,0.492508283,0.990485105,0.332469035,0.482440402,2.881623355,0.010489452,-15.0288
1638480,3.034422998,2.558117112,0.084558382,0.843032469,21.7,1.243553009,39.25455,-77.57638,155.98,16.88797,232,1.033240997,0.438339207,1.352239522,40.76279329,23.72331516,0.4659,3.013347769,2.540955762,0.756075214,0.421985168,0.996602189,0.32843219,0.488001358,2.206750659,0.003584036,-13.8061
1639500,3.233238877,2.535294935,0.09612635,0.784134743,21.75,1.185286104,39.61236,-77.23744,198.1,11.61235,267.18,1.061904762,0.462809234,1.043644163,23.20608819,13.96834223,0.1173,2.017446724,1.617452233,0.69270973,0.379673787,1.14066726,0.352793995,0.56352095,1.703915879,0.018835001,-14.1274
1644000,3.047648186,2.557561752,0.084351799,0.839191926,22.05,1.225,39.01955,-77.57749,187.25,23.95326,859.17,1.073282443,0.444332963,1.172194788,36.50485047,23.86526975,0.6186,3.367721207,2.866630624,0.781567282,0.43517083,1.003884096,0.32939632,0.513835161,2.709998529,0.001868922,-13.7579
1658500,3.21813963,2.68545729,0.069357012,0.834475069,22.4,1.24099723,38.58734,-77.4286,97.44,6.88385,19.34,1,0.433807333,1.635729666,44.7333333,20.73333336,1,5.400619835,4.728876822,0.892101459,0.472730239,0.956238859,0.297140264,0.375389589,1.903958389,0,-13.4126
1664000,3.149028063,2.572003806,0.082796426,0.816761157,22.25,1.202702703,38.53068,-77.8136,216.1,30.32647,1605.1,1.049979347,0.44579841,1.20194558,36.1754662,21.16872343,0.7519,4.438354026,3.838439697,0.854354476,0.473973206,1.115832729,0.354341945,0.565654913,1.62412646,0.00052622,-13.969
1666500,3.200911704,2.658126461,0.082255398,0.830427924,22.4,1.201072386,38.32513,-78.09556,201.59,24.98287,463.15,1.033755274,0.447628649,1.158353352,34.65348409,22.06325255,0.8137,4.270827286,3.626818335,0.847894825,0.457157325,1.218049216,0.380531963,0.587109483,1.833380722,0.004718195,-14.2526
1667500,3.207982204,2.688156482,0.078811793,0.837958664,21.9,1.230337079,38.35041,-77.975,193.47,23.44026,1209.75,1.067032967,0.45187562,1.039237257,30.77003651,21.80308014,0.8033,4.112693994,3.466561583,0.832885554,0.443615627,1.158654251,0.361178516,0.563942018,1.985145399,0.001812215,-14.1348
1669000,3.196973306,2.678053881,0.041205983,0.837684155,22,1.164021164,37.87708,-76.90052,42.94,4.09652,71.84,35.59322034,0.405834,3.178491647,65.26666662,17.53333335,0.9098,4.586904115,3.395629538,0.834544322,0.316450929,0.959164931,0.300022815,0.668811677,1.425872663,0,-13
1669520,3.27315948,2.690151211,0.036819915,0.821882108,22.65,1.17357513,37.63375,-76.69635,25.42,4.97296,277.39,38.21276596,0.411340157,2.322664652,60.94009071,19.25652547,0.9295,5.241817303,3.632648259,0.858528515,0.262273161,1.133552108,0.346317408,0.598059019,1.744023436,0,-12.4147
2011400,3.288565366,2.543049514,0.129154722,0.773300583,20.1,1.221884498,38.04235,-79.88144,783.86,73.92744,407.72,0.941269841,0.435315218,1.548787937,44.10107284,18.60652645,0.9953,4.855279186,4.249294427,0.873318576,0.485857472,0.992886459,0.301920852,0.541782729,1.994207742,0.007490792,-14.6756
2011460,3.40426694,2.516743326,0.148878265,0.739290828,19.15,1.208201893,38.2454,-79.76866,878.38,77.10338,156.34,0.905555556,0.436367418,1.643660613,43.49220745,16.74790629,0.995,4.698441836,4.133442055,0.867337167,0.489582366,1.458132536,0.42832497,0.446487038,1.631499659,0,-15.5249
2013000,3.036276523,2.595559986,0.097914337,0.854849671,20.65,1.169971671,37.8029,-80.047,691.82,70.85988,424.78,0.945701357,0.436344844,1.488569026,43.38813702,18.79123478,0.9852,5.046684848,4.454977982,0.887668936,0.502923232,0.977041522,0.321789374,0.455218847,1.601095155,0.059243885,-15.1955
2014000,3.12457358,2.548529213,0.097868084,0.815640646,21.15,1.18487395,37.72901,-80.04228,691.04,73.63034,396.78,0.951666667,0.436054401,1.519879521,43.63769856,18.86504691,0.9092,5.028343438,4.427796453,0.887158069,0.501687509,1.065665023,0.341059347,0.542675135,1.705380345,0.00837394,-15.4203
2015700,3.195519507,2.537750773,0.128567249,0.794159062,20.4,1.251533742,38.1954,-79.57032,753.52,68.72646,285.41,1.022727273,0.429781217,1.962062148,48.8557284,15.79364417,0.9911,4.882482471,4.234833038,0.871952262,0.469773421,1.355459521,0.424175011,0.55909195,1.623717602,0.001293206,-14.4666
2016000,3.144814511,2.573819685,0.102077363,0.818432908,21.55,1.210674157,37.7918,-79.75949,645.04,66.42056,1194.55,1.013858093,0.437259278,1.640193786,43.34104447,16.74713105,0.9317,5.088656113,4.385441166,0.883890083,0.459359315,1.155712916,0.36749796,0.497768563,1.795241115,0.000309371,-15.2353
2017500,3.025297741,2.599039603,0.090184527,0.859102087,21.15,1.191549296,37.50624,-80.10671,695.27,69.63081,276.15,1.04576659,0.435442566,1.609851151,44.35470836,17.76688716,0.9349,4.914746759,4.301910913,0.874631454,0.484083896,1.169109687,0.386444505,0.51108549,1.64859488,0.013889479,-15.1362
2018000,3.055764545,2.620782724,0.084968614,0.857652049,21,1.235294118,37.66596,-79.91144,648.68,66.96658,852.34,1.006982157,0.434841756,1.642987381,44.85956656,17.45313498,0.8857,4.948665819,4.321060978,0.878832446,0.479377443,1.113803136,0.36449246,0.509781835,1.331112312,0.017722432,-15.3324
2027000,3.467886379,2.644789582,0.090473222,0.76265174,21.75,1.232294618,37.71542,-78.98169,387.44,57.5512,240.77,0.934246575,0.45659024,0.989853036,28.85510456,20.09597737,0.9407,4.697149457,4.069416464,0.87630078,0.480980568,1.642225038,0.473552146,0.57008876,1.773015166,0,-14.0448
2027500,3.665534565,2.640769925,0.100786018,0.720432417,22.15,1.223756906,37.70236,-79.02752,350.53,52.51564,123.34,0.959183673,0.465628803,0.830738664,21.2166661,20.38176191,0.9407,4.592942937,3.977009779,0.873203525,0.481617577,1.84530362,0.503420057,0.571559294,0.757294271,0,-14.1
2028500,3.326447639,2.597001629,0.080256958,0.780713215,21.2,1.247058824,37.86959,-78.82335,377.48,66.86826,245.45,1.005390836,0.448584051,1.106858962,33.83594449,22.61867109,0.9644,4.797011772,4.172039374,0.882043953,0.49284528,1.427766978,0.42921673,0.560856106,1.728753026,0,-13.7687
2038850,3.149615332,2.889448214,0.065522598,0.917397177,23.75,1.193467337,37.41542,-78.63584,176.41,9.80131,22,1.027027027,0.456054848,0.586208131,22.18411995,47.14513835,0.93,5.399119562,4.335024535,0.88441506,0.379295617,0.88795895,0.281926158,0.580267146,2.186114831,0,-15.8882
2046000,3.268863792,2.749041136,0.045372827,0.840977572,22.85,1.202631579,37.06709,-77.60249,86.64,6.04481,288.52,1.181818182,0.450134176,0.862138597,30.89579612,29.71295487,0.9359,5.264385458,3.83489456,0.86997059,0.300671495,0.856972205,0.262162103,0.442150939,2.297505195,0,-14.046
2051000,3.170865161,2.719021848,0.057024578,0.857501568,23.95,1.179802956,36.99737,-78.34972,151.02,7.49999,144.82,1.027149321,0.453840448,0.614818026,24.01428107,46.10614241,0.9387,5.02107202,4.024671972,0.869375922,0.388206521,0.736388088,0.232235699,0.401018121,2.354635218,0,-14.1
2051500,3.190273785,2.976969035,0.052551497,0.933139046,23.25,1.159600998,36.71681,-77.83166,113.4,6.85615,1428.71,1.096698113,0.451511689,0.730584077,27.7843376,37.93122091,0.9081,4.907576012,3.672039237,0.854645475,0.325520228,0.820122283,0.257069562,0.469506285,1.270925467,0,-14.0727
2053200,3.333931554,2.796942245,0.024831683,0.838932114,22.25,1.225895317,36.37083,-77.02556,25.28,2.20328,583.66,47.7146145,0.41912098,1.801256302,45.77058182,16.27939726,0.5848,3.238408711,2.472521398,0.772461166,0.345753417,0.85821386,0.25741796,0.389269916,2.290284637,0,-13.0346
2053800,3.228056126,2.6674695,0.093817255,0.826339257,20.75,1.195965418,37.14013,-80.26643,705.68,36.16538,280.72,0.990929705,0.447124785,0.88717916,32.45765264,31.85229307,0.8875,4.658997556,4.002618738,0.859656492,0.450491613,0.968322424,0.299970752,0.599847892,1.865157177,0.072988938,-14.716
2055100,3.056229979,2.664367995,0.062211992,0.87178256,21.8,1.345679012,37.41763,-79.93532,399.99,38.79042,30.54,0.943396226,0.456791366,0.575018856,22.19489834,45.11318419,0.5089,3.838155111,3.188652297,0.80351595,0.409212777,0.981350138,0.321098263,0.620298971,1.577637009,0.711894666,-12.9343
2056900,3.179344285,2.70525848,0.064605937,0.850885666,21.8,1.286135693,37.04514,-79.8442,423.07,33.49522,298.11,1.035320088,0.439808166,0.952353509,36.5395665,35.96121409,0.9121,4.341723124,3.602357013,0.836008376,0.413837635,1.016617109,0.319756849,0.6333726,1.666751831,0,-14.1418
2059500,3.099616701,3.201239589,0.052938916,1.032785631,21.55,1.282738095,37.1732,-79.52031,319.14,27.0257,485.41,1.023129252,0.440134043,0.935234942,36.35018945,35.80726417,0.8421,4.279503547,3.605419855,0.820928275,0.420900239,0.860121443,0.277492841,0.596608214,1.188095389,0.004100861,-14.5692
2064000,3.095496235,2.926439138,0.060601169,0.945386108,23.4,1.244680851,37.12681,-78.95974,192.21,9.95686,427.77,1.070643642,0.452167372,0.658328515,25.81173706,43.72962418,0.909,4.344958213,3.339635706,0.811976266,0.338502393,0.929231885,0.300188343,0.564004471,2.122633118,0,-14.7619
2065500,3.132863792,3.695275729,0.061713997,1.179520073,23.2,1.202072539,37.07931,-78.76362,170.09,10.06294,252.58,1.052631579,0.450004531,0.680520702,27.25967938,44.01817361,0.9058,4.642003076,3.721839071,0.83923694,0.377732605,0.93628511,0.298859182,0.615705775,1.732536643,0,-14.1599
2069700,3.522610541,2.716900849,0.053395159,0.771274831,22,1.202185792,36.57097,-80.12949,372.62,23.01829,221.13,1.023391813,0.453495526,0.748420036,26.63506248,36.98023022,0.9644,4.623594937,3.964501841,0.864540252,0.453502133,1.31641031,0.373703052,0.715195246,1.815425054,0,-14.521
2070000,3.300353183,3.761617878,0.050862165,1.139762222,22.15,1.262108262,36.56819,-79.98726,308.66,12.22606,270.61,1.060096154,0.448090089,0.745251364,29.27860985,41.44401327,0.9642,4.907009728,4.169538323,0.873122618,0.440194087,1.157906527,0.350843217,0.682370556,1.909147775,0,-14.2184
2074500,3.270950034,3.422355154,0.052469021,1.046287812,22.4,1.298550725,36.61958,-79.50419,223.3,10.70863,288.53,1.03712297,0.44336621,0.747128223,31.69381757,44.94207891,0.8579,4.294368,3.422179525,0.826504347,0.382980185,0.967301581,0.295724964,0.587704877,3.563780784,0,-14.0036
2077200,3.278396988,2.860841615,0.048988901,0.872634286,23.25,1.223684211,36.39778,-79.19667,194,7.08453,121.69,1.035714286,0.472170184,0.824324961,14.91043868,11.71265813,0.7114,3.740453093,3.136531793,0.798286828,0.414105283,0.91496171,0.279088138,0.343001017,0.867385201,0,-14.1
2081500,3.266579055,2.791559945,0.043624771,0.854582087,23.05,1.158291457,36.19417,-78.58306,132.21,6.46534,428.37,1.1484375,0.459580359,0.82865208,24.66498736,27.90363968,0.8481,3.920242234,3.140690029,0.804627352,0.379574897,0.84231868,0.257859573,0.320793409,1.351501921,0,-14.0159
2082950,3.263115674,3.158054127,0.032992743,0.967803303,22.9,1.165394402,36.18333,-77.87611,79.77,6.54582,460.85,1.484195402,0.435697466,1.060386411,40.06724562,33.53255461,0.7774,5.262067569,3.83804295,0.868648024,0.285769596,0.830137182,0.25440017,0.453919252,1.891418979,0,-14.0079
2092500,3.782791239,3.267800602,0.012083252,0.86385962,20.95,1.281345566,35.06417,-77.46139,21.88,2.57074,447.58,44.20689655,0.4329948,3.027258307,59.90724236,14.96115044,0.7118,3.826760623,2.597828768,0.781631016,0.257270005,1.004959327,0.265666082,0.406554091,2.375526459,0.382838458,-12.5406
2096846,3.34620397,3.190137577,0.039252545,0.953360167,23.2,1.183673469,35.98722,-79.20611,182.85,7.73462,19.57,1.03125,0.458823478,0.807839212,24.40638498,31.13366278,0.9156,4.993323321,4.156268378,0.865021699,0.400102282,0.74860269,0.223716993,0.319098297,1.523588433,0,-13.7966
2102908,3.355067762,3.01971447,0.023511176,0.900045747,23.7,1.264,35.18278,-79.1775,106.88,10.48159,19.73,1,0.398506667,3.899267292,71.00000002,15.33333333,0.6906,3.022997608,1.709940715,0.682361794,0.16011928,1.346296104,0.401272403,0.72981953,0.495561796,0,-10.9658
2108000,3.810368241,3.207837536,0.009281926,0.841870741,21.2,1.288753799,34.82889,-77.83222,31.61,3.14028,1569.48,29.43752759,0.409908983,2.972384238,62.16134105,15.21899388,0.4232,2.637028498,1.982284258,0.718475187,0.315517397,1.1255423,0.295389377,0.500014585,1.95289241,0.068892354,-12.9173
2111180,3.71566872,2.72063859,0.046056878,0.732206985,20.1,1.189349112,36.07139,-81.40306,551.06,56.42993,131.47,1.035714286,0.44077179,1.447118024,39.97081698,20.18824251,1,5.031878223,4.253188295,0.892727998,0.436106107,1.727487981,0.464919806,0.636780747,1.708971685,0,-14.1
2111500,3.582835044,2.944953005,0.052369252,0.82196165,21.45,1.20505618,36.175,-81.16889,454.02,35.95807,233.66,1.008547009,0.447660966,1.134902291,33.97852904,24.56627701,0.9831,4.929252382,4.055517871,0.881133067,0.399574813,1.368027836,0.381828306,0.724851458,2.074367316,0,-14.1
2112120,3.55881588,2.799707036,0.052404975,0.78669623,21.25,1.200564972,36.25028,-81.04444,460.03,35.93547,322.27,0.997942387,0.441971011,1.199579197,37.30227299,27.18854508,0.901,4.901811822,4.013969246,0.87725931,0.394209014,1.33259241,0.374448259,0.698715844,2.174859337,0,-14.1
2112360,3.440353183,2.860836838,0.053113627,0.831553241,22.5,1.187335092,36.31139,-80.80722,405.86,23.71832,205.3,1.006430868,0.439587233,1.174436872,34.81569708,25.40747629,0.8821,4.714337946,3.879999889,0.865150875,0.405740418,1.431190979,0.416001179,0.753729234,1.661487892,0,-14.1
2118500,3.497720739,2.854343244,0.041370835,0.816058072,22.35,1.238227147,36.00056,-80.74556,336.82,18.17467,400.53,1.043918919,0.446813635,0.837893772,31.08817653,37.94906447,0.7055,3.851401298,3.215588576,0.815122727,0.413595252,1.135589306,0.324665515,0.651345198,2.453591486,0,-14.1
2125000,3.233518138,3.078638125,0.024791233,0.952101703,24.2,1.231552163,35.33472,-80.33556,190.23,9.32187,144.55,1.067873303,0.468347473,0.647061355,15.91713369,29.94673212,0.3877,3.137987266,2.434502369,0.765736272,0.334612455,0.961206214,0.297263282,0.271949562,3.541405381,0,-14.7769
2128000,3.240676249,2.937678631,0.025670443,0.906501731,22.45,1.305232558,35.38722,-79.83139,195.23,8.97028,273.48,1.056511057,0.460181293,0.77135393,23.29652256,31.72336363,0.8588,4.756605,3.908706517,0.853154452,0.388510224,0.944217755,0.29136442,0.402625266,1.819385889,0,-14.2609
2137727,3.981318275,2.766277632,0.040531531,0.694814491,18.15,1.256055363,35.68583,-82.06028,602.18,65.11037,329.54,1.041152263,0.439667123,1.451356904,40.51863599,21.07138874,0.9861,4.943858821,4.212248963,0.884545811,0.438529763,1.753111559,0.440334442,0.68054945,2.333934427,0,-14.1023
2140991,3.727754962,2.768342533,0.042038467,0.742629964,19.95,1.209090909,35.83361,-81.71194,529.42,43.76522,521.99,1.054123711,0.433987076,1.629636369,43.12959602,17.77098709,0.9821,5.227392071,4.243498995,0.893465384,0.379211277,1.709403863,0.45856122,0.654308495,1.833823251,0,-14.1
2143000,3.704498289,2.917637673,0.031326216,0.787593203,22,1.349693252,35.68444,-81.40333,399.35,27.07084,216.67,1.075075075,0.436002858,1.293600836,37.19059407,26.04904151,0.6406,5.023998867,3.985765881,0.867145941,0.364828429,1.403701414,0.378918089,0.664090767,1.959430699,0,-14.1
2143040,4.045849418,2.81041833,0.03456107,0.694642346,22.85,1.364179104,35.59069,-81.56704,411.33,33.1444,66.48,1.029126214,0.437797944,1.332735202,37.14739714,23.65138488,0.9465,5.155148696,4.250103536,0.890847641,0.392197947,1.682994333,0.415980468,0.599046225,2.087020216,0,-14.1
2149000,3.821597536,2.994090582,0.029590458,0.783465698,20.35,1.267912773,35.42345,-82.1115,403.91,39.54624,203.85,1.056105611,0.439314425,1.356642451,39.77790914,24.86741636,0.9755,5.147331811,4.396564806,0.888101181,0.450501123,1.519837728,0.397696961,0.699589032,2.351479792,0,-14.1
2152100,3.773462012,3.109720698,0.030080747,0.824102823,23.15,1.342028986,35.49306,-81.68222,414.31,40.11642,154.99,1.055793991,0.438150622,1.337161147,37.4979995,23.75985195,0.9009,5.155632514,4.352141476,0.890226915,0.43646482,1.30255851,0.345189247,0.65484545,2.619208434,0,-14.1
2177000,5.374477755,2.811642245,0.026739557,0.523147062,18.95,1.246710526,34.81398,-83.30599,705.59,47.86459,526.77,1.003926702,0.431476659,1.782854162,34.99093743,16.02207185,0.9731,5.513680299,4.181156376,0.890163293,0.293348922,2.916050774,0.542573792,0.733192898,2.145686664,0,-14.1
2178400,5.213092402,2.812141424,0.033836253,0.539438246,20.15,1.279365079,34.89037,-83.53044,797.91,59.8088,151.28,1.004444444,0.427656992,2.008461761,37.23214705,14.89543709,0.9777,4.961053056,4.200763548,0.892712955,0.435319538,2.86573128,0.549718106,0.722336618,2.050192921,0,-14.0994
2193340,3.274065708,3.024702231,0.012744883,0.923836752,24.6,1.248730964,33.68263,-82.85792,167.93,7.49879,87.87,1.045454545,0.438302913,0.955125163,36.62855749,39.52009301,0.8688,4.679357557,3.431507507,0.829472556,0.273614244,0.717461918,0.219134856,0.400188654,2.485086991,0,-14.1
2196000,3.324466804,3.905832923,0.014697823,1.174874996,22.45,1.197333333,33.7293,-82.18179,142.19,7.2448,1408.38,1.312935323,0.457560712,0.756915954,24.29309174,32.80729352,0.8727,4.767695046,3.233098395,0.831350353,0.223176769,0.573991447,0.172656694,0.323145981,3.364532587,0,-14.0784
2198100,3.319218344,3.603220329,0.003093593,1.085562911,25.4,1.361930295,32.93766,-81.81539,83.45,5.25896,79.49,31.79130435,0.408382629,2.843564413,63.44655471,17.63044166,0.45,2.73026218,1.901256965,0.705479114,0.279467906,0.806627673,0.243017358,0.437351335,1.987706002,0,-15.2
2202600,3.341364819,3.165018754,0.000456805,0.947223343,24.8,1.429394813,32.16798,-81.48817,34.93,2.40016,590.47,46.93636364,0.399760806,3.58344097,70.51918433,13.78906056,0.6165,2.541874465,1.661038513,0.693048848,0.247333466,0.717314011,0.214676951,0.377938386,3.373184899,0,-12.847
2212600,3.37187269,4.017675181,0.0090238,1.191526357,24.6,1.28125,33.09985,-83.72351,159.45,7.25507,187.96,1.058608059,0.438165887,1.049849061,37.53400067,35.60063209,0.927,5.511537954,4.210959714,0.872863504,0.292669299,0.739885597,0.219428687,0.355084385,2.03210614,0,-14.1
2215100,3.354398357,3.158701588,0.001033306,0.941659651,23.6,1.229166667,32.23944,-83.50167,113.08,4.53352,420.29,1.18121911,0.412255773,2.357210527,58.95765967,24.39013595,0.1516,2.408897268,1.771367403,0.683435987,0.294625684,0.881182557,0.262694666,0.48435014,2.216871989,0.717558453,-12.5398
2216180,3.409097878,3.189064093,0.000534865,0.935456888,24.75,1.265984655,31.99139,-82.92194,83.53,5.30253,129.11,31.67204301,0.404011287,3.421475136,67.11956755,15.34845268,0.4884,2.705547207,1.723158622,0.697486658,0.226169628,0.87490488,0.25663824,0.367343238,3.020923969,0,-15.2
2221525,3.359123888,3.142408871,0.009538519,0.935484661,24.5,1.262886598,33.25236,-83.48128,176.01,7.55177,490.8,1.142454161,0.435303743,1.072779382,39.32002472,37.46438438,0.8252,4.545542703,3.46411945,0.820504722,0.305972713,0.762009321,0.226847638,0.529551421,1.254089057,0,-14.0988
2231000,3.719431896,3.404872621,0.000235918,0.91542814,20.9,1.247761194,30.35885,-82.0815,38.71,2.187,1748.37,48.93482528,0.44265819,6.20428566,72.56257818,7.058762218,0.9529,4.252831577,2.068181253,0.792546022,0.091897363,0.760262707,0.204402911,0.43557826,2.584760002,0,-13.0101
2231342,3.783494867,3.498400397,0,0.924647851,21.3,1.356687898,27.56865,-80.79617,21.9,0.94602,111.56,49.47744361,0.375515824,8.218888476,90.28479553,3.458829281,0.1387,1.945243224,1.049032533,0.609105743,0.161549277,1.143162799,0.302144668,0.391852709,2.018070351,0.012179053,-12.9854
2235200,3.743501711,4.124212704,0,1.101699163,20.1,1.326732673,28.87453,-81.48938,26.25,3.67575,297.7,38.94334975,0.453899122,9.654030195,77.35429046,2.889196254,0.6142,2.871104714,1.547066805,0.663277916,0.132888639,0.492073766,0.131447453,0.656614971,2.406977533,0,-13
2245500,3.755990418,3.810222081,0.000436629,1.014438712,20.1,1.326732673,29.97941,-81.85204,41.45,4.14377,348.43,41.30246914,0.403837806,8.878091482,85.97118173,3.094583457,0.8235,3.573959828,1.6526266,0.719764868,0.096813256,0.889769394,0.236893414,0.44328695,2.201205933,0,-13
2246000,3.703221081,3.286835866,0.000332692,0.88756134,20.75,1.288819876,30.1133,-81.90649,34.57,4.00959,451.06,43.7016129,0.380082674,6.669117296,86.42178481,5.941599642,0.8293,3.419583349,1.73047141,0.718484472,0.109068052,0.954111828,0.257643767,0.415782774,2.255311553,0,-13
2296500,3.680246407,3.507997522,0,0.953196372,22.7,1.359281437,27.37504,-81.79647,31.23,1.71633,886.4,48.47626978,0.391853328,7.735107127,86.16269701,4.375340242,0.1676,2.05790351,1.107126725,0.631948091,0.156278122,0.705923944,0.191814315,0.438322677,3.754852363,0,-11.431
2297155,3.968116359,3.867191431,0,0.974566036,24.3,1.416909621,27.48726,-82.02342,35.51,1.24624,93.6,49.76811594,0.374280703,8.482495718,91.15885665,3.442488779,0.1264,1.365274638,0.744267637,0.519045045,0.146520463,0.792041387,0.199601351,0.392088305,2.317878606,0,-13.0708
2297310,3.841661875,4.042906749,0,1.052384848,22.8,1.443037975,27.19949,-81.98842,25.71,1.18116,528.38,49.63823934,0.379339434,7.863837634,88.97380843,4.199625314,0.1446,1.797621609,0.995954079,0.597264561,0.156687964,0.92655361,0.241185622,0.423763279,3.093620223,0,-14.3133
2298123,3.684447639,3.525577604,0,0.956880909,22.6,1.329411765,27.052,-81.78453,21.75,0.82221,540.65,49.8744884,0.404665726,8.276754015,84.68397734,3.838623077,0.1369,1.756439776,0.883308803,0.604274339,0.149445478,1.042802682,0.283028227,0.50347548,3.151086006,0.614796827,-11.9556
2298608,3.896312115,3.622557426,0,0.929740051,22.65,1.415625,27.34366,-82.15676,22.79,1.6186,312.34,49.40835267,0.386487011,8.091362091,87.93244347,3.747816772,0.0756,1.615076832,0.851039395,0.57474213,0.14517865,1.351724642,0.346924117,0.395340339,2.427894857,0,-13.0599
2299950,3.962772074,3.522708309,0,0.888950523,22.55,1.400621118,27.47365,-82.2112,33.67,1.61485,174.27,49.35123967,0.373281734,8.797910735,91.9758474,3.006924872,0.0572,1.589649887,0.775332746,0.554884636,0.120149459,1.189067614,0.300059552,0.353296923,1.473667366,0,-13
2300700,3.89649692,4.353289665,0,1.117231645,22.3,1.415873016,27.79197,-82.35204,25.46,2.88661,73.84,49.34745763,0.399555288,9.047493153,87.13999325,2.85597919,0.0836,1.412978642,0.723275919,0.545623032,0.134260037,1.50761614,0.386915779,0.362892499,1.949837047,0.007274809,-13.6311
2310947,3.760804928,3.547327132,0,0.943236142,21.05,1.323899371,28.31195,-82.05591,42.23,1.87911,649.56,36.29545455,0.426762899,7.476985721,78.70130612,5.415209339,0.3118,2.74560746,1.578137615,0.678994912,0.165802333,0.451640285,0.120091388,0.482623253,5.061898567,0.141902222,-11.1176
2312200,3.593145791,3.78023447,0,1.052068213,21.85,1.300595238,28.57277,-82.15536,34.11,1.64182,413.48,20.42812006,0.381930024,6.48983093,84.89483748,6.80893637,0.4082,2.934095562,1.708038611,0.696267406,0.172977903,0.390439951,0.108662429,0.55475107,6.240501136,0.489930433,-11.4552
2314500,3.651924709,3.477918275,0.00024965,0.95235213,22.3,1.24929972,30.68056,-82.56056,42.05,1.56449,3322.15,49.35549208,0.460463657,6.244149799,69.06050547,7.060898107,0.9741,4.758160594,2.42066749,0.826093239,0.093829071,0.597203342,0.163531121,0.585453008,2.392996194,0,-11.7986
2315500,3.667278576,3.708536345,0.000242633,1.011250241,21.05,1.260479042,30.32578,-82.73818,39.99,2.02123,6136.26,49.48298899,0.445258535,5.919934215,71.20987167,7.50969086,0.9266,4.820207649,2.400555376,0.82740955,0.088726278,0.592680943,0.161613286,0.571318502,3.049390965,0,-12.269
2324400,3.851672827,3.816533183,0.000197253,0.990876784,21.3,1.264094955,30.09827,-83.47181,31.14,0.92155,176.27,49.29251701,0.680022877,13.9556686,37.2207384,1.846205681,0.8795,4.420334642,2.111419741,0.822475803,0.098681863,0.455489347,0.118257538,0.499360016,3.093108308,0,-13
2327100,4.168399726,3.268903765,0.00010082,0.784210723,22.75,1.453674121,30.12937,-84.49435,25.14,1.56064,271.12,49.29928741,0.529979794,10.52404082,63.36626382,2.702809591,1,4.775805828,2.185188466,0.857785189,0.077725469,1.550169781,0.371886067,0.338496694,2.079625686,0.029914733,-12.9641
2342933,3.814603696,3.275106338,0.002796271,0.858570536,23.1,1.218997361,32.01766,-85.29577,127.7,7.99022,290.1,1.679706601,0.414141823,2.480194072,57.65548779,20.07146959,0.9083,4.917975385,3.514231749,0.83205251,0.256534854,0.9986379,0.261793355,0.339008841,1.871527208,0,-12.7573
2349900,3.39147707,3.15703091,0.001081747,0.930871961,23.85,1.210659898,32.19556,-83.90222,116.19,3.41104,122.87,1.205714286,0.411494051,2.407363975,59.61530241,23.92491891,0.0989,1.851928984,1.42550026,0.65556481,0.316528696,0.821028963,0.242085954,0.465819688,1.846555342,0.86670626,-12.2525
2350900,3.635820671,3.156484257,0.001767718,0.868162801,22.1,1.238095238,31.76444,-84.25333,139.77,6.74759,1365.12,1.196635121,0.406461771,2.991529071,64.54191974,18.61811524,0.3941,3.233226824,2.264989101,0.728975209,0.258408939,0.95061719,0.261458767,0.622683344,1.911898861,0.010165332,-12.5837
2361000,3.958042437,3.290583162,0.001512442,0.831366317,21.4,1.222857143,31.34295,-85.61049,117.14,8.27039,1781.61,3.890288501,0.408211546,2.97038735,63.35998752,18.42505777,0.4408,2.974113056,2.133473151,0.718239357,0.272116451,1.214117336,0.306746922,0.567095277,1.518807335,0,-14.2703
2363000,3.960396988,4.171311253,0.002655656,1.053255839,22.85,1.199475066,31.59489,-85.783,135.39,7.57689,1292.51,3.628460687,0.415416454,2.624152502,58.04609929,16.70618395,0.635,3.791460863,2.76864162,0.774037909,0.283771537,1.084461805,0.27382654,0.494044553,1.733570419,0,-13.169
2369800,4.619824778,3.717416003,0.000872353,0.804666017,21,1.25,31.02768,-86.70996,72.29,4.2203,227.51,37.17445483,0.435162581,2.85633803,57.30213408,17.96615109,0.9643,4.785608549,2.656514136,0.834547531,0.119984863,1.551320286,0.335796347,0.542232429,1.444544514,0,-13
2371500,3.969983573,3.147583012,0.00401714,0.792845349,22.4,1.188328912,31.5735,-86.25162,125.86,7.42604,1292.79,5.055681818,0.420600746,2.110549983,50.0424856,16.63241883,0.6862,4.165486374,2.972156698,0.792318914,0.259565777,1.153419362,0.290535046,0.523492856,1.486906495,0.011947483,-13.1163
2372250,3.983117043,3.144459986,0.003475999,0.789447047,22.65,1.217741935,31.59627,-86.40552,122.94,7.29973,1145.22,6.172392255,0.415416335,2.547808131,56.65548832,15.33582641,0.7608,4.244446673,3.020283295,0.799280965,0.257429146,1.222512477,0.306923564,0.507875007,1.57345359,0.015812573,-12.9898
2374500,4.419623546,4.34898694,0.003042556,0.984017506,21.2,1.177777778,31.4185,-86.98664,109.86,7.40892,445.72,5.423017107,0.421827986,2.090483937,52.77085133,22.09368106,0.949,4.454387808,3.004795241,0.813844977,0.217179888,1.484329226,0.335849696,0.641123533,1.386435298,0,-13.6157
2381600,4.271549624,3.014246598,0.016637787,0.705656463,21.85,1.168449198,34.57037,-84.46882,512.02,35.2973,10.32,1,0.424320435,2.200041575,16.84902551,5.959835045,0.933,4.973831585,4.248959042,0.87785527,0.428722597,3.695600399,0.86516621,0.621847869,1.846120728,0,-14.1
2384540,4.927827515,2.785701697,0.031682787,0.565300163,19.95,1.216463415,34.87202,-84.72133,499.46,93.55977,21.37,0.970588235,0.432910576,1.769935931,39.3736705,14.85499058,0.96,4.973815848,4.055053921,0.880692955,0.370491875,2.080847507,0.42226468,0.479563394,2.330032559,0,-16.5
2395120,3.75370705,2.946942478,0.01248941,0.785075244,23.1,1.215789474,34.24278,-84.88972,250.6,9.60933,84.01,1.072,0.460238969,0.727133946,22.52293586,34.53638349,0.7132,4.305971461,3.346845516,0.809084104,0.329762369,1.287326726,0.342948107,0.565288618,2.180214254,0.528965418,-13.7867
2408540,4.065550992,3.135989418,0.010695027,0.771356558,21.8,1.188010899,32.91679,-86.27025,242.26,15.57552,682.41,1.108606557,0.440245344,1.17803914,25.82529466,18.88085703,0.8204,4.870180524,3.900353322,0.851980157,0.361199652,1.405806676,0.345785031,0.552621282,2.313917159,0,-14.0771
2415000,4.055130732,3.000595674,0.012469141,0.739950416,21.25,1.170798898,33.06679,-85.87913,270.56,12.25237,491.38,1.101573677,0.440308895,1.120367697,28.78416003,20.85398467,0.9106,4.606813537,3.670962726,0.835316573,0.352650166,1.474157211,0.363528899,0.559165384,2.059008314,0,-14.0917
2422500,3.998073922,3.080677084,0.007180391,0.770540301,22.65,1.1796875,32.58291,-86.9036,144.84,11.05647,527.55,3.855123675,0.431191759,1.611002227,35.77248286,17.25629844,0.6695,4.081435214,3.112735765,0.800324253,0.31353383,1.249438496,0.312510104,0.5729707,1.654005987,0,-12.7146
2427250,4.043415469,3.971580692,0.003181079,0.982234134,22.35,1.152061856,31.99626,-87.06832,102.61,6.93052,675.24,2.046218487,0.441668049,1.010541971,24.90271911,25.13134015,0.9336,5.098580937,3.538943022,0.847363657,0.227583604,1.220716021,0.301902199,0.38489534,1.820970521,9.82E-06,-13.6538
2430085,4.232670773,2.947196263,0.012676724,0.696297071,22.85,1.24863388,34.46667,-88.28361,150.01,6.72984,40.56,1,0.43139468,1.701511895,46.04384299,22.22449518,0.8644,4.121815496,3.399985356,0.821247661,0.408144688,1.69908346,0.401421124,0.477175135,0.833942322,0,-13
2430615,4.241219713,2.950509966,0.010538985,0.695674868,22.5,1.239669421,34.3925,-88.355,132.82,6.11799,28.71,1.04,0.431108,1.702201549,46.19999999,22.40000001,0.9889,4.771733194,3.881292804,0.856237811,0.384865656,1.684233023,0.397110533,0.561299709,0.871308277,0,-13
2450250,4.409545517,3.063882587,0.014286411,0.694829564,21.1,1.241176471,34.28538,-87.39891,254.92,12.27321,231.83,1.039325843,0.437783448,1.834904067,29.22051047,9.194150422,0.8413,5.154884835,4.450965603,0.884999661,0.450258331,1.752473047,0.397427136,0.373479853,1.404334299,0.150117891,-14.6896
2464000,4.272309377,3.002403272,0.011217518,0.702758861,22.2,1.180851064,33.47928,-87.59723,143.69,9.66599,578.94,1.104441777,0.449795316,1.278688208,18.68385699,9.820494673,0.9846,4.709139973,3.692922856,0.850792032,0.34389815,1.540818864,0.360652455,0.390036614,1.438725267,0,-15.7248
2464146,4.159726215,3.030128131,0.010091224,0.728444127,23.85,1.235751295,33.41345,-87.51056,140.81,9.04939,15.82,1,0.43676264,1.606437692,42.28760245,18.96719432,0.9571,4.46645082,3.444333185,0.822112799,0.321957816,1.512072989,0.363503007,0.508775891,1.706025029,0,-14.2806
2464360,4.098058864,3.162128186,0.009536576,0.771616097,23.65,1.241469816,33.42484,-87.64251,114.12,8.63619,148.62,1.090909091,0.433229405,1.619834931,44.55379303,22.57872418,0.9717,4.548106155,3.692643078,0.839518669,0.366609003,1.453659461,0.354719029,0.51963652,0.817873848,0,-13.8919
2465493,4.043492129,3.589870171,0.007310655,0.887814309,23.7,1.250659631,32.99735,-87.62223,101.5,9.53966,83.42,3.962406015,0.433965953,1.592595526,44.0865769,22.78677779,0.8617,5.054573017,3.83426554,0.852160412,0.299785587,1.159783244,0.28682713,0.62920891,1.05906948,0,-12.5809
2469800,4.096008214,3.282875811,0.003171649,0.801481745,22.75,1.210106383,31.74432,-88.02251,78.13,9.86442,422.68,4.570234114,0.431574101,1.563692401,45.67962746,23.0825756,0.9839,4.824391033,3.223984825,0.836938128,0.211624943,1.27299529,0.310789243,0.423853357,2.636882041,0,-13.3145
2472000,4.158402464,3.167661807,0.006014722,0.761749695,23.2,1.211488251,31.70694,-89.40694,123.24,6.76654,1927.13,12.31992551,0.439656583,1.023221933,37.81467283,29.05431532,0.6696,4.809203602,3.299962448,0.829551427,0.214407129,1.326192175,0.318918668,0.406862412,2.691424001,0.096510834,-12.0405
2472500,4.256157426,3.618459589,0.00245439,0.850170524,22.45,1.157216495,31.42583,-89.41472,113.73,6.76541,789.94,31.32616487,0.433000549,1.600959968,45.17049635,21.23606964,0.5865,4.352769115,2.844381795,0.799800931,0.190561794,1.302226783,0.305963021,0.539491548,1.617113578,0,-11.9951
2479155,4.428888433,3.200477591,0.001802613,0.722636761,21.95,1.206043956,31.02528,-89.01667,70.21,6.65609,137.28,29.40909091,0.415527083,2.725338408,58.73141097,16.41706269,0.9355,4.512585309,2.573583865,0.847353247,0.149711142,1.500288183,0.338750503,0.389459339,1.783361413,0,-11.6529
2479300,4.618568104,3.213012129,0.000741287,0.695672783,20.5,1.198830409,30.73611,-88.78111,65.19,5.84957,1144.2,34.92307692,0.42510289,2.040442244,51.61955518,17.83065318,0.8895,4.636248854,2.770273658,0.812993083,0.148993865,1.771995435,0.383667707,0.507678142,1.637319767,0,-12.4162
2479560,4.649990418,3.185097139,0.000888184,0.684968538,20.1,1.292604502,30.80908,-88.45863,64.68,6.14661,1454.33,30.44175716,0.42102923,2.298826722,54.73792918,16.87273044,0.8849,4.447172661,2.670800374,0.803758745,0.15662867,1.768435023,0.380309391,0.494979431,1.792170676,0,-12.3745
2481000,4.79164271,3.215610226,0.000365398,0.671087228,20.25,1.28164557,30.55861,-89.12194,51.66,5.61014,249.23,34.84571429,0.431341625,1.721022518,46.62807695,20.12569187,0.8845,4.726483086,2.705291702,0.815379378,0.135148908,1.888600418,0.394144666,0.32605805,1.830671023,0,-12.2024
2481510,4.620825462,3.216086872,0.000762255,0.695998345,20.4,1.232628399,30.48361,-89.27444,64,5.13464,800.66,31.48303571,0.42572409,2.024691151,50.96518403,18.66310532,0.7816,4.813893141,2.863410063,0.818000908,0.146005154,1.705698003,0.369132748,0.425394254,1.854561595,0,-11.8855
3010655,3.284587269,2.261308871,0.207261759,0.688460584,17.2,1.166101695,41.96173,-78.19807,635.06,32.95227,254.44,1.162227603,0.452477893,1.261161818,31.98371795,15.89401687,0.9918,4.949541833,4.387368597,0.887087718,0.525444264,1.496955244,0.455751399,0.493939565,1.504911239,0,-15.1986
3011800,3.589425051,2.253249788,0.210192691,0.627746716,14.65,1.181451613,41.76645,-78.71864,628.71,19.77674,100.1,1.012048193,0.438828033,1.649317959,42.00856036,17.62111248,1,4.996740382,4.461639902,0.885626193,0.526677053,1.931474766,0.538101434,0.548834547,1.74213348,0,-13.1728
3015500,3.599088296,2.261299151,0.192038519,0.62829777,15.4,1.162264151,41.85256,-79.31727,492.56,22.04748,784.85,6.969742814,0.45376902,1.238389377,31.99168628,14.95230985,0.9837,4.436187979,3.870804764,0.86218405,0.499168418,2.048933517,0.569292373,0.48436846,1.478055908,0,-15.466
3021350,3.685735797,2.26540564,0.208263539,0.614641354,15.45,1.240963855,42.01533,-79.78255,485.4,20.02559,239.67,9.968137255,0.466322603,0.9929631,22.87550548,13.88477306,0.9747,3.858551576,3.300108915,0.840787111,0.497150507,2.291054185,0.621600221,0.407554855,1.448490243,0,-16.3597
3026500,3.539561944,2.262476523,0.20981494,0.639196759,15.95,1.143369176,41.63117,-78.57669,577.23,15.82974,20.31,1,0.438694636,1.652705529,42.09585503,17.64662136,1,4.893292918,4.376250098,0.876862318,0.531145729,1.746183971,0.493333355,0.505318323,1.26496032,0,-14.1475
3028000,3.464323066,2.263054702,0.203474312,0.65324586,16.4,1.119453925,41.57534,-78.69225,569.02,18.29113,161.11,1,0.439582184,1.631577472,41.51788284,17.46600505,0.9796,5.07509908,4.499303688,0.890177384,0.518974942,1.980925379,0.571807346,0.518663809,1.803058626,0,-13.925
3049000,3.292454483,2.379358042,0.139333377,0.722669988,17.9,1.111801242,40.7159,-79.69949,365.27,16.00521,357.15,1.061946903,0.452848337,1.159356802,31.58454024,19.73409573,0.7165,3.916575762,3.396324222,0.816114906,0.484312861,1.277235607,0.387928098,0.476524667,1.231361524,0,-15.1617
3049800,3.027023956,2.432800972,0.116341909,0.803693994,18.65,1.144171779,40.52035,-79.93811,296.6,21.30523,14.89,1,0.459094868,1.039233656,27.2736827,19.39595361,0.2546,4.79489765,4.207851206,0.864868499,0.467993491,1.07702479,0.355803193,0.424669589,2.125871617,0,-16.0333
3050000,3.873125257,2.480649706,0.158964457,0.640477532,14.7,1.143968872,38.80927,-79.88173,998.82,65.76346,487.29,1.535666218,0.458233248,0.993714773,26.73643011,19.00221697,0.9766,4.709332378,4.148054481,0.888988997,0.52888913,1.895417941,0.489376877,0.427851654,1.698454843,0.055186104,-14.9513
3066000,4.160377823,2.450006762,0.222508815,0.588890449,13.6,1.101214575,39.12705,-79.46838,1072.01,68.69899,222.79,1.315340909,0.452325004,1.100989234,29.1039198,19.85206025,0.9532,4.164525274,3.622442701,0.831258391,0.478638114,2.430374169,0.581601873,0.479958959,1.27578541,0.320419305,-14.2876
3069500,4.073518138,2.446327611,0.19464463,0.60054418,13.15,1.163716814,39.12288,-79.68117,961.46,63.79304,1856.85,1.07180757,0.454406493,1.105582964,27.92275461,17.65308461,0.9408,4.725590864,4.12217043,0.875594119,0.491650008,2.448185653,0.601000307,0.474430153,1.577289216,0.138111209,-14.8012
3070500,3.700212183,2.434851841,0.144725592,0.658030329,15.25,1.101083032,39.61564,-79.70477,599.73,30.19392,517.38,1.133084577,0.448435848,1.242673233,34.60144908,19.18524605,0.717,4.494153301,3.932568873,0.857381159,0.494335265,2.032041415,0.549168889,0.463490799,1.551284827,0.001834595,-15.2815
3076600,3.653686516,2.439226982,0.189395501,0.667607079,16.1,1.095238095,39.65614,-79.39411,795.46,21.46688,127.4,1.024390244,0.445485511,1.475304177,32.35861651,13.97889917,0.8242,4.118444508,3.548898739,0.834435143,0.47465835,1.779245505,0.486972677,0.49718554,1.485532666,0,-14.6633
3078000,3.509216975,2.437363244,0.194625437,0.694560428,17.15,1.07523511,39.70219,-79.13639,767.06,30.57341,161.48,1.135135135,0.437495696,1.689120053,43.03544419,17.2810082,0.8405,3.958385476,3.432616299,0.825048498,0.470167107,1.902592964,0.542170227,0.499639236,1.852242766,0,-15.9667
3140000,2.913078713,2.442680712,0.089458478,0.838522042,21.55,1.242074928,40.36285,-81.86236,287.7,15.82284,70.35,1,0.468656243,0.753457414,17.96789332,23.55240727,0.7138,2.638644211,2.234468736,0.752420203,0.44417857,0.948224382,0.325505925,0.439380288,2.84806709,0,-16.5
3144000,2.994622861,2.452515441,0.093602405,0.818973058,20.35,1.222222222,40.13257,-82.14792,292.28,13.11071,363.41,11.22608696,0.465497994,0.882060331,22.55298775,20.2074696,0.7303,3.781630712,3.289218744,0.812413931,0.476085967,1.103310156,0.368430419,0.425829417,2.256626614,0,-16.1342
3159540,3.145720739,2.515919603,0.078983476,0.799791149,20.8,1.165266106,39.06369,-81.8818,232.8,10.08158,400.85,1.14516129,0.475750231,0.524550702,11.41789332,35.23340576,0.8237,4.730818305,4.207540911,0.866127483,0.509861586,1.098823406,0.34930736,0.343456868,1.716372426,0,-16.5
3161000,4.047199179,2.698452526,0.087442529,0.666745669,19.45,1.193251534,36.39333,-81.40694,834.21,57.20214,527.86,1.089058524,0.438792392,1.431717355,41.24064047,20.66459108,0.9955,4.757193102,3.955773648,0.859075183,0.414407152,1.950070582,0.481832125,0.726972537,1.350788566,0,-14.1
3164000,3.740510609,2.668293854,0.083995897,0.713350163,19.7,1.172619048,36.64735,-80.97897,766.6,45.80251,2952.74,1.044690164,0.438833683,1.399941418,40.98691384,21.52675625,0.9348,4.622543234,3.809423087,0.85271197,0.411461621,1.545479201,0.413173324,0.690426959,2.056072301,0,-14.0123
3165000,3.671501711,2.665428255,0.075821616,0.725977669,21.3,1.227665706,36.64596,-80.91924,707.63,45.4663,102,1.027932961,0.446039431,1.155308859,35.53060399,22.99219157,0.8448,4.525085528,3.506695194,0.839049846,0.364866875,1.678933778,0.457288028,0.699827098,1.729930757,0,-14.8399
3170000,3.322125941,2.816773402,0.094558584,0.847882787,20.55,1.194767442,37.03763,-80.55672,713.74,32.96335,794.64,1.037005887,0.437160048,1.347684261,41.39544979,24.48219794,0.8847,4.606490822,3.757403428,0.8461966,0.401959394,1.074245581,0.323360884,0.702218972,1.14672699,0.004687787,-14.3792
3173000,3.022851472,2.633029637,0.094200099,0.871041684,19.25,1.188271605,37.26818,-80.70951,750.95,46.98351,773.32,0.996518712,0.449124345,0.965103537,32.34544736,26.87870275,0.8116,4.598903073,3.934736732,0.85778837,0.444476012,1.015847444,0.336056023,0.540795023,2.911240742,0.174389914,-15.3197
3180500,3.782822724,2.486055633,0.195303023,0.657195913,14.8,1.160784314,38.54373,-79.83312,1057.03,44.26244,345.06,1.054104478,0.456645461,1.150848005,29.16777542,16.30397892,0.9877,4.72048947,4.182942069,0.878130319,0.514514735,2.018277106,0.533537322,0.473178697,1.674430326,0.021425957,-15.1304
3182500,3.55233128,2.51935243,0.170253081,0.709211003,17.7,1.164473684,38.18595,-80.13062,934.51,59.7077,1364.97,1.121256039,0.453842923,1.169191412,30.03537253,16.89598847,0.9922,4.78690397,4.16475596,0.874162207,0.48408969,1.672218228,0.470738255,0.451749432,1.358595519,0.096810833,-14.9304
3186500,4.142934976,2.514984887,0.190731671,0.607053913,15.2,1.117647059,38.379,-80.48397,1057.61,61.17799,329.68,1.00589391,0.459485626,0.968863082,26.75619116,20.32589915,0.9927,4.672251717,4.065811333,0.882180359,0.495645998,2.532769331,0.611346629,0.459918185,1.132981079,0,-15.2
3187500,4.134422998,2.521012019,0.182826214,0.609761512,16.2,1.121107266,38.29539,-80.52648,1061.95,60.18061,207.41,1.012461059,0.45503883,1.166298543,30.90293034,16.42975406,0.9918,4.649928097,4.00914136,0.877274804,0.474609118,2.650263364,0.641023757,0.470847425,1.161446941,0,-15.1617
3213700,3.475412731,2.612382957,0.07309548,0.751675602,18.1,1.152866242,37.67316,-82.28014,611.92,37.9826,2425.06,1.023604554,0.440136455,1.56730564,39.53702166,17.4316345,0.9792,5.006928751,4.524570597,0.880496661,0.550141115,1.132436016,0.325842167,0.560447907,1.875423939,0.005269266,-15.4761
3237280,3.528353183,2.554847242,0.084730638,0.724090563,19.05,1.179566563,38.64369,-83.21574,248.51,31.52585,32.95,1.203389831,0.474234667,0.728704098,15.93333333,22.00000001,0.9863,5.070914816,4.57739737,0.885411083,0.542140307,1.129411393,0.320095901,0.356306323,2.547425263,0.008527854,-16.4139
3237500,3.226532512,2.552859192,0.078710402,0.791208265,20.8,1.139726027,38.80368,-83.42102,272.36,14.22302,1003.21,4.26030085,0.470709503,0.599793128,14.54224207,30.80677874,0.5206,2.996646651,2.569785494,0.7611211,0.444266573,1.189695216,0.368722525,0.301729363,1.610598447,0.215456675,-15.4558
3238500,3.252699521,2.556092594,0.074738531,0.785837295,20.9,1.157894737,38.85813,-83.92854,285.37,7.5191,568.5,41.91829689,0.471285108,0.642920928,15.96061589,29.84210841,0.1747,2.106328178,1.786602285,0.706147831,0.431456004,1.273979379,0.391668327,0.206288509,1.382751832,0.336447022,-14.9187
3241500,3.070156057,2.511801875,0.077946752,0.818134918,20.7,1.189655172,39.72284,-83.88271,319.84,3.27837,170.91,43.91304348,0.450246103,1.004989671,31.59433843,25.59870832,0.0257,2.243243509,2.039246502,0.724295805,0.546764386,1.040749217,0.338989028,0.458743098,2.594083052,0.871500921,-12.4039
3280700,3.99057358,2.730696605,0.058446085,0.684286745,18.85,1.167182663,37.16509,-83.30796,540.37,28.95669,158.22,0.991735537,0.457533,0.97357721,27.2,23.9,0.991,5.165211252,4.668888312,0.885982378,0.546180042,1.330013834,0.333288889,0.411989326,2.071706911,0,-15.4907
3281100,3.816214921,2.687047077,0.041671315,0.704113142,19.55,1.195718654,37.15203,-83.7602,403.43,22.48228,422.72,1.071428571,0.465506736,0.760303762,20.80104387,26.90751843,0.9463,5.181868539,4.683728194,0.890293526,0.546726722,NA,NA,0.385867771,NA,0,-16.2624
3281500,3.801241615,2.671624189,0.044067881,0.702829354,19.5,1.185410334,37.47981,-83.67519,376.49,21.8686,1838.22,1.094104724,0.460345086,0.887002972,24.9496483,24.93625335,0.9654,5.204473621,4.700807553,0.89217853,0.544715297,1.420856151,0.373787382,0.409674322,1.949819655,0,-16.1537
3285000,3.533520876,2.706649651,0.044646811,0.765992263,21.55,1.210674157,37.64202,-84.66078,323.6,12.08007,822.34,1.171405361,0.47016346,0.586461057,14.35619928,32.23532536,0.5302,3.26432529,2.707641459,0.768747377,0.408865305,1.41333582,0.399979474,0.335457931,1.645613341,0.51865783,-13.9498
3291780,3.624016427,2.584250048,0.067368653,0.713090048,21.15,1.297546012,38.87811,-85.25718,249.83,14.47984,71.41,23.68141593,0.469088769,0.650205789,16.14703133,28.73220659,0.7056,2.905645179,2.534873423,0.77557983,0.479546155,1.510602645,0.41683107,0.262181517,1.409194602,1,-11.8
3300400,3.457906913,2.700828912,0.053766408,0.781058883,21.45,1.208450704,37.83284,-85.29607,254.43,9.33197,1128.58,1.228267297,0.475480234,0.450375911,8.183858245,33.88757839,0.4901,3.208154088,2.664235959,0.765662216,0.411730711,1.366464934,0.395171116,0.288199325,2.097366322,0.195243528,-15.5792
3338780,2.915939767,2.481241944,0.072550319,0.850923593,22.15,1.237430168,40.26531,-87.6428,213.25,3.19469,691.56,48.05648148,0.464548085,0.686661753,19.20560905,28.00808479,0.0378,2.590649897,2.457167683,0.768584441,0.639405275,1.165909805,0.399840154,0.395332693,3.061302387,0.094110334,-15.1955
3340800,3.117180014,2.512693785,0.073228668,0.80607914,22.35,1.182539683,39.81255,-86.9539,268.15,4.37041,357.65,45.72438163,0.459011513,0.871241199,25.09505022,24.26656541,0.2735,2.327399436,2.115905892,0.727558093,0.544287111,1.071950726,0.343884768,0.38966702,2.070687934,0.016787956,-16.4173
3346000,3.133143053,2.602188802,0.062106965,0.830536225,22.75,1.263888889,39.01004,-87.94559,173.5,2.57944,814.69,45.81185771,0.47073438,0.736495043,17.95178336,23.71375063,0.0951,2.04947295,1.830787504,0.690632742,0.486963569,0.997250326,0.31829071,0.231646749,2.249075255,0.398747228,-13.8606
3357350,3.220156057,2.529923217,0.070238198,0.785652363,22.6,1.167958656,39.76171,-86.72945,258.64,5.84999,7.75,41.02222222,0.454647916,0.964496914,28.80686179,25.53064926,0.4476,2.291330926,2.015000604,0.734549613,0.496755226,1.181482019,0.3669021,0.323201939,1.556128254,0.081502189,-16.1169
3364500,3.348644764,2.53998794,0.080417058,0.75851221,22.85,1.183937824,39.27477,-85.70165,274.58,3.79613,237.09,48.44587629,0.456336,0.923553371,27.18381751,25.78158169,0.2772,2.147986782,1.915885298,0.702462627,0.50547269,1.203781285,0.359483125,0.350016454,1.80582599,1,-11.8
3366500,3.615696099,2.591121602,0.059067129,0.716631468,21.35,1.286144578,38.80422,-85.67386,240.19,8.50477,755.22,36.62768702,0.466015905,0.779313226,20.66528239,26.05241655,0.5748,3.055102015,2.679446515,0.778942167,0.483568404,1.359347048,0.375957218,0.286182822,1.613292573,0.857377771,-12.4703
3368000,3.508962355,2.566777714,0.067085866,0.73149195,21.45,1.194986072,39.07033,-85.48608,264.12,4.26263,29.72,39.07272727,0.465226037,0.778451246,21.01718051,26.83666763,0.6327,2.88044915,2.546393355,0.784873594,0.500461708,1.417022925,0.403829617,0.206380315,0.523776558,1,-11.8
3384450,3.669481177,2.73193681,0.049672531,0.7445022,23.5,1.243386243,37.47227,-88.54727,166.37,16.36598,111.13,1.122093023,0.471044667,0.770508005,18.26666663,21.66666669,0.913,5.043004677,4.447091321,0.878818388,0.484392139,1.333123633,0.363300306,0.268366509,2.897679544,0,-15.2
3439000,5.56067488,2.719387447,0.037466092,0.489039101,18.9,1.203821656,35.14333,-82.82472,863.18,63.23118,178.67,1.015384615,0.43556132,1.619740575,43.55943889,20.49804424,0.9948,4.922214604,4.176766195,0.882489603,0.420307201,3.163232172,0.568857601,0.720916167,1.375627798,0,-14.1
3450000,4.094606434,2.709808008,0.084269051,0.661799382,17.55,1.319548872,35.65306,-82.40528,891.9,105.59692,14.08,0.954545455,0.429384565,1.950448226,48.3348499,18.86472439,0.9721,4.721288073,4.103017478,0.865358502,0.455221735,1.898413356,0.463637565,0.592268285,1.653874636,0,-14.1
3455500,5.800580424,3.423765366,0.077431417,0.590245306,17.8,1.285198556,35.39611,-82.9375,1326.82,91.67733,72.95,0.981481481,0.427305234,2.132542719,50.53254778,16.05012883,0.9922,4.431938739,3.757474765,0.855383703,0.43005177,3.300741397,0.569036399,0.62633229,1.530170333,0,-14.1
3456500,4.787383984,2.766305476,0.063873677,0.577832379,17.3,1.262773723,35.46167,-82.86972,1162.13,99.95219,133.43,0.995121951,0.428761772,1.969602632,48.91182516,18.33361219,0.9658,4.483466875,3.826176168,0.864215151,0.442410153,2.598692623,0.542821013,0.636631043,1.996365228,0,-14.1
3460000,4.471080082,2.652780712,0.077253344,0.593319883,15.15,1.207171315,35.6675,-83.07361,1254.53,116.23587,127.02,0.989528796,0.429051313,2.044989309,38.00570227,12.97858073,0.9933,4.524984438,3.787777056,0.865025041,0.415000635,2.18216888,0.488063027,0.687017936,1.517650359,0,-13.8009
3463300,4.56529911,3.054203874,0.08491639,0.669004111,17.25,1.259124088,35.83151,-82.18429,1025.66,112.34116,112.16,0.994117647,0.429031676,1.914831737,48.50281156,19.17386842,1,4.621920467,3.809353881,0.878203045,0.402684599,3.060049596,0.67028458,0.589691621,1.995520021,0,-14.1
3471500,3.412537988,2.603604107,0.08387117,0.762952417,19.4,1.161676647,36.76039,-81.63123,1023.62,69.46205,198.16,1.023255814,0.448403187,1.07247376,33.53653336,24.2565826,0.8219,4.603307104,3.986934352,0.864491185,0.465434451,1.320338257,0.386908003,0.630658435,1.451604644,0.384503735,-13.5244
3473000,3.495952088,2.587402259,0.083266733,0.740113764,17.9,1.151125402,36.65178,-81.84401,916.29,56.64293,784.81,1.072525597,0.447111448,1.058640824,33.64005274,25.69861965,0.8628,4.699529658,4.017226302,0.865494479,0.446667342,1.453653787,0.415810558,0.627684502,1.594111539,0.311902362,-13.4257
3479000,3.973234771,2.663771745,0.090417124,0.670428983,18.25,1.173633441,36.23917,-81.82222,1040.03,82.19102,235.6,1.05,0.427873542,2.126787911,50.48723186,14.68807665,0.9873,4.817139772,4.177427542,0.872686216,0.460275095,1.81548609,0.456928975,0.592287367,1.662994991,0,-14.1
3488000,3.274212183,2.611844668,0.081549052,0.797701713,18.3,1.165605096,36.89678,-81.74623,812.91,54.05912,578.21,1.065268065,0.448228609,0.913176579,32.6132938,28.27165986,0.8315,4.498470578,3.939254049,0.855499167,0.478139661,1.231175744,0.376021979,0.530133412,1.841591411,0.181587267,-15.1605
3498500,4.330517454,2.647463696,0.034370779,0.611350427,16.4,1.247148289,35.78562,-83.8846,680.92,77.71156,696.76,1.0505345,0.446341763,1.122737663,25.4553978,16.6939731,0.8376,4.645459351,3.884115845,0.857958661,0.412352571,1.804276424,0.416642224,0.573668589,1.559591086,0.205910183,-14.6682
3500000,5.195041752,2.822625969,0.029248918,0.543330757,19.75,1.270096463,35.15,-83.37972,808.87,67.89742,361.14,1.029962547,0.436800068,1.495332017,39.37315703,20.06100237,0.9577,4.748509907,4.014079303,0.871562409,0.431242454,2.502089441,0.481630285,0.731153522,1.890912082,0,-14.1
3500240,5.038084873,3.065165366,0.029394719,0.608398914,19.05,1.274247492,35.15889,-83.39417,967.11,82.16983,145.86,1.045454545,0.436766316,1.5626648,42.64701399,20.74303689,0.9592,4.64929669,4.037424734,0.873898502,0.481055922,2.313884346,0.459278556,0.705216066,1.824594358,0,-14.1
3504000,5.603148528,2.698901164,0.058991229,0.48167582,19.05,1.265780731,35.1275,-83.61861,1039.71,86.43459,134.52,0.989949749,0.429109437,1.972736628,48.62563941,18.49230975,0.9516,4.545155817,3.958861406,0.873042035,0.484601732,3.682262403,0.657177368,0.720317018,1.873374272,0,-14.1
3574500,4.290780287,2.857623285,0.020068179,0.66599152,21.15,1.274096386,34.62425,-86.30637,337.61,47.69583,813.8,1.074221868,0.451617381,0.932606393,25.97305107,25.22872366,0.8794,4.763622677,4.205910029,0.869909978,0.489517242,1.965500455,0.458075297,0.388050714,2.225400571,0.529630567,-13.0532
3592718,4.275357974,3.761118782,0.014910912,0.879720202,21.2,1.250737463,34.83556,-88.28806,173.22,6.67758,66.99,1.12,0.432057979,1.697620905,45.6530833,21.93146579,0.9566,4.183226745,3.3613756,0.822929874,0.384212735,1.505406391,0.352112361,0.441519766,1.395459951,0,-12.7422
3604000,4.350184805,2.964370637,0.025599076,0.681435564,21.9,1.255014327,35.49591,-87.8328,269.53,10.29605,1163.03,1.109929078,0.471847063,0.658551463,15.99813457,28.20428502,0.8342,3.981007592,3.372219091,0.809738429,0.424238292,1.691097009,0.388741418,0.567560716,1.449055622,0.219200661,-15.3696
4015330,2.239800137,1.95845499,0.19607939,0.87438828,20.8,1.377483444,46.94688,-91.7924,337.69,19.16862,224.35,16.4822335,0.439664675,0.906316338,35.84611902,32.76144588,0.9911,5.23756966,4.616250814,0.877813652,0.488353014,0.966809593,0.431649939,0.337148285,1.924143146,0,-13.0436
4024430,2.233154004,2.011562724,0.160866759,0.900772056,22.25,1.332335329,46.63327,-92.09408,343.48,6.93316,1091.25,34.95425532,0.462371799,1.347702704,48.43114603,21.54892439,0.9961,4.812078908,4.315755062,0.871377272,0.536352906,0.80300631,0.359583938,0.464912934,1.301335115,0,-13.3583
4027000,2.423422313,2.052686804,0.235000085,0.84701985,18.95,1.199367089,46.48661,-90.6963,425.75,9.36771,1619.85,24.22424242,0.4255295,1.53489496,50.65984901,20.36084888,0.9959,5.171131748,4.659475141,0.897480744,0.546740232,0.849859362,0.350685622,0.508959239,1.532043262,0,-13.9437
4040500,2.439718001,2.260970075,0.3096076,0.926734186,16.8,1.226277372,46.58411,-88.57597,497.28,8.10212,419.83,26.64689655,0.487079226,1.461854946,34.2353037,9.150750894,1,4.697407366,4.041992999,0.865017253,0.439199154,1.072190366,0.439473072,0.504176223,2.124904821,0,-15.2173
4043050,2.072616016,2.187379535,0.299401075,1.055371336,19,1.292517007,47.22854,-88.38539,239.41,16.9632,76.62,12.57638889,0.403987164,4.240785038,70.51015265,7.419195026,0.9769,4.827576997,4.301044831,0.877898996,0.525006337,1.248434375,0.602347162,0.547396205,0.402167388,0,-13.5013
4045500,2.564099932,2.793217604,0.300079815,1.089355984,15.95,1.172794118,46.57502,-85.26955,236.77,6.40846,1909.59,38.2546324,0.591014023,6.225620393,43.99131998,3.455282282,0.982,4.703177699,3.91809303,0.867085121,0.414174894,1.080908761,0.42155485,0.641211601,0.874036151,0.693629564,-13.215
4056500,2.396021903,2.035150418,0.277927594,0.849387234,17.05,1.192307692,46.03053,-86.16125,232.99,4.97773,2945.89,42.70918678,0.558548354,9.395791092,54.66127217,2.479388688,0.9888,4.398002519,3.728642179,0.826760401,0.42919931,1.101840785,0.459862568,0.714605787,1.023994846,0.757852576,-12.8981
4057510,2.356332649,2.035944422,0.253134693,0.864030986,19.7,1.223602484,45.94302,-86.7057,228.86,4.66219,473.57,38.62077013,0.55047714,10.91458279,59.89257105,2.363385753,0.9814,4.636694588,3.781824531,0.872936409,0.386992572,0.873568136,0.370732094,0.650658643,1.366487481,0.757626868,-12.9392
4057800,2.490354552,2.05002037,0.334246736,0.82318414,17.85,1.243902439,46.4991,-87.88652,476.21,6.3961,115.87,9.509009009,0.461652347,1.172570135,27.98963764,8.890810331,1,4.637484989,3.915850203,0.867601958,0.419666727,1.058375662,0.424989952,0.552725063,1.078621387,0,-14.6509
4059500,2.183022587,2.334936605,0.235319791,1.069588844,21.45,1.236311239,45.75552,-87.20152,314.09,6.07833,1184.37,35.59413203,0.44444322,2.465076583,50.8298084,12.01294977,0.9954,4.804853514,4.112760295,0.876828158,0.449707172,0.659663747,0.302179075,0.52720028,1.832751879,0.410948191,-13.6525
4063700,2.300633812,2.043433539,0.21196611,0.888204602,21.8,1.249283668,45.76357,-88.46318,473.28,5.5832,362.57,33.22535211,0.480778389,3.890107788,56.38354012,6.778178027,0.9981,5.042134743,4.368150427,0.886348979,0.466041128,0.663596984,0.288440942,0.623242843,1.515744423,0,-13.5619
4074950,2.371895962,2.314146639,0.203272983,0.975652675,20.9,1.233038348,45.18997,-88.73344,482.31,7.42761,1205.53,24.26223776,0.430104886,3.771587967,64.70811579,7.258524704,0.9667,4.80448883,4.252161376,0.850047378,0.49376406,0.825172259,0.347895638,0.782622235,0.546631403,0,-13.4489
4105700,2.800427105,2.32536731,0.154578944,0.830361664,19.4,1.223974763,42.35337,-85.35389,277.91,6.57315,98.04,30.94610778,0.409297636,2.904831784,64.04321858,12.86755127,0.6706,2.550397819,2.189238314,0.718220747,0.457254842,1.072898891,0.383119735,0.814046693,-0.023818754,0,-15.6936
4115265,2.497285421,2.262024695,0.176923663,0.905793417,22.05,1.270893372,43.24976,-84.98113,254.56,4.35688,95.78,31.70987654,0.398980517,4.255777792,72.03945341,10.06340445,0.1706,1.967986177,1.636593344,0.679642792,0.436318309,0.825587756,0.330594072,0.757701665,0.550163257,0,-15.9413
4122200,2.638906229,2.227664025,0.175430988,0.844161873,19.25,1.336805556,43.46418,-86.23257,244.61,6.17213,1048.28,33.24,0.40421737,5.242459988,78.14629917,6.537560203,0.7431,3.695590255,3.207825181,0.793074576,0.475676368,1.054247729,0.399501778,0.828458189,0.208667504,0.091645068,-15.806
4122500,2.613932923,2.211678385,0.184317913,0.846111377,19.6,1.328813559,43.94501,-86.27869,270.61,7.82371,1769.19,32.05940594,0.410220088,6.293160055,80.10591274,5.193356559,0.7555,4.447618961,3.87003886,0.842021637,0.482854036,1.084941675,0.415061024,0.839461592,0.139151229,0.089617752,-15.4606
4124000,2.474481862,2.604745352,0.226973864,1.052642734,17.3,1.193103448,44.43639,-85.69868,336.67,9.92703,2243.63,26.69102462,0.417925023,7.251034134,80.58134609,4.268651126,0.7036,3.910928974,3.364489376,0.807397724,0.45902449,1.157520392,0.467782937,0.886908576,0.413930976,0.018774608,-16.1341
4127918,2.622970568,2.028004887,0.29025406,0.773171042,15.25,1.177606178,46.18585,-84.59783,234.05,5.24337,548.29,45.09300096,0.480888586,1.939403784,56.64656105,15.68223564,0.9563,4.01412877,3.229725452,0.832398908,0.389343157,0.885657563,0.337654404,0.592683868,1.546156348,0.746355343,-12.9921
4127997,2.523626283,2.88227039,0.268061615,1.142114587,16.75,1.236162362,45.27446,-84.60003,356.97,12.23471,487.16,14.50769231,0.39933476,5.43199007,63.70508655,5.449336954,0.7608,3.961929668,3.507986808,0.820281473,0.504312396,1.074979611,0.425966245,0.882036774,1.126498691,0.173302871,-15.6474
4161580,2.478576318,2.282442834,0.157673147,0.920868491,21.8,1.249283668,42.80086,-83.09021,277.3,7.53129,64.31,29.38888889,0.423889526,2.26054267,52.78462575,16.63866297,0.3152,2.419783813,2.091020967,0.693710899,0.456337013,0.640158326,0.258276625,0.615977244,0.011893921,0,-16.5
4185000,2.587984942,2.376225708,0.125203449,0.918176018,22.45,1.230136986,41.5045,-84.42967,250.64,3.32824,1064,43.70749108,0.450389291,0.867705467,30.04732208,28.27394161,0.2041,1.845925254,1.602938496,0.680043417,0.486613922,0.909732751,0.351521655,0.429136274,1.583624994,0,-16.4001
4196800,2.674605065,2.454083299,0.099311649,0.917549784,21.2,1.239766082,40.92283,-83.34881,276.66,2.52382,608.07,48.04747162,0.466519852,0.627546747,17.49180596,34.10470737,0.0048,1.814114252,1.604115196,0.671311024,0.495105981,0.909436382,0.340026419,0.265576184,2.887291328,1,-11.8
4197100,2.758525667,2.445123997,0.111863761,0.886387981,20.2,1.224242424,41.02228,-83.10964,298.46,2.93165,388.21,46.06935484,0.464783451,0.724189281,19.84989391,29.12560698,0.0067,1.837184047,1.603823085,0.680300328,0.488235117,0.928911274,0.336741936,0.274610835,1.40995336,0.202901159,-15.3924
4197170,2.712798084,2.412341629,0.107584956,0.889244815,20.2,1.171014493,41.11367,-83.16825,275.04,3.32921,95.21,45.00625,0.460789694,0.75190683,20.76392476,29.62390565,0.0059,1.708783879,1.452241471,0.660643383,0.453758483,0.855340421,0.315298225,0.224128102,2.06418246,0.756871055,-12.9427
4213000,3.258936345,2.309250048,0.162227338,0.708590105,17,1.18466899,41.927,-80.60397,322.72,10.20101,455.3,23.36715621,0.467906428,0.90945468,22.06397314,15.57494593,0.9317,4.251682776,3.725053363,0.847408705,0.518304692,1.639385282,0.503043051,0.373443474,1.26445831,0,-15.4256
4213075,3.257564682,2.308160821,0.160655071,0.708554103,16.65,1.332,41.992,-80.29117,358.17,13.85748,11.65,29.45,0.473971252,0.847367675,18.03593578,14.64248537,0.9686,3.273194316,2.800338906,0.783147064,0.474270177,1.4686189,0.450833381,0.468619416,1.471761676,0,-15.9184
4216418,3.154031485,2.232062136,0.225393877,0.707685432,15.25,1.146616541,42.86395,-78.28363,533.55,22.26514,196.47,7.367601246,0.462895884,0.96955939,23.38465912,17.33346634,0.9172,3.888241294,3.378786662,0.838975265,0.513022849,1.477926877,0.468583425,0.489052451,1.217452679,0,-16.2122
4221000,3.175522245,2.270549706,0.207214753,0.715016155,16.85,1.154109589,42.12229,-77.95722,658.41,27.06629,750.88,4.117597998,0.45168566,1.301084457,33.38775639,14.79769864,0.969,3.95608739,3.439206748,0.832442903,0.505112959,1.310887851,0.412810161,0.500682985,1.441826543,0,-16.0641
4224775,2.914366872,2.244687926,0.204650191,0.770214604,17.2,1.142857143,42.53562,-77.70416,519.45,36.93333,231.84,4.052770449,0.464271332,0.974470886,22.77198653,16.71906638,0.8681,4.301454051,3.75191908,0.852577027,0.49757842,1.129646832,0.387613119,0.506242202,0.022873307,0,-16.2436
4233000,2.870416153,2.244794387,0.169532329,0.782044926,18.8,1.135951662,42.39313,-76.54494,434.01,40.08692,91.9,3.006578947,0.465470037,0.911514991,21.2127388,17.7293859,0.9837,4.536909359,3.976506709,0.867171561,0.509071545,1.171886616,0.408263664,0.553733826,1.136116973,0,-16.4933
4256000,3.641040383,2.19316527,0.279703585,0.602345769,15.1,1.102189781,43.74729,-75.33435,486.49,16.94626,232.45,12.13032581,0.422698226,2.76660363,59.00509452,9.244015079,1,5.202718043,4.468289861,0.892598471,0.47229543,2.267775544,0.62283724,0.537304321,1.260415316,0,-13.9037
4296000,3.615295003,2.190772293,0.273317826,0.605973314,13.65,1.207964602,44.86894,-72.2701,390.99,40.51472,302.19,4.469548134,0.431786192,2.102239463,48.41370548,12.07120502,1,4.604544666,3.941722132,0.872335954,0.472500209,1.838227238,0.508458435,0.522731385,1.461477993,0.66455034,-12.7163
5056000,1.300759754,2.04017577,0.165918933,1.568449335,24.3,1.459459459,47.80555,-98.71622,493.5,4.38699,4862.02,41.48720835,0.431304967,1.819195036,45.5814199,15.82154216,0.0042,1.819812188,1.614481985,0.625342946,0.471967523,0.058622022,0.045067524,0.452930853,2.186267237,0,-13.5543
5057000,1.349991786,2.020713744,0.162742897,1.496834102,23.95,1.442771084,47.43277,-98.0276,480.87,4.08896,7582.46,41.50740846,0.432577497,1.754130426,44.09766772,16.32599928,0.0063,1.900719412,1.697735587,0.638878563,0.488687916,0.072714522,0.053862936,0.503921098,2.219447454,0,-13.6233
5057200,1.451779603,2.038250732,0.141789208,1.403967054,24.85,1.44057971,47.22916,-98.12482,447.5,2.33897,1897.33,48.83572519,0.435048165,1.713666207,42.27701448,16.49996451,0.0165,2.069406556,1.879293815,0.674540246,0.544824416,0.063087888,0.043455555,0.393806329,3.011541873,0,-13.5073
5062500,1.888176591,2.02406104,0.154627702,1.071965964,22.85,1.368263473,47.26663,-96.24478,428.27,5.82564,2407.05,39.8679659,0.431715006,1.841683746,49.14262819,18.11359531,0.6171,3.021071255,2.766441426,0.744905146,0.557384989,0.336318425,0.17831043,0.579243457,2.115157186,0,-13.7416
5087500,1.636750171,1.964456537,0.157256412,1.200217707,22.55,1.391975309,48.34109,-96.81812,306.72,1.8495,600.82,50,0.423153443,2.121704465,59.65820668,12.86109419,0.1448,2.241918015,2.033202402,0.699764907,0.527982409,0.33337836,0.203683107,0.302749967,2.370858923,0,-13.7523
5120500,1.311843943,2.038847283,0.19176627,1.554184318,24.3,1.369014085,48.13834,-100.53986,515.77,5.85036,1509.83,42.15458457,0.432560788,1.562377431,44.96709511,19.70129797,0.0019,1.823254724,1.611730307,0.622140439,0.469873902,0.040408306,0.030802678,0.465859351,3.953146529,0,-13.7671
5123400,1.352298426,1.952944531,0.18670674,1.44416683,23,1.446540881,48.58889,-100.44208,492.06,4.58163,3206.1,42.07134028,0.437309765,1.39781646,39.52225725,18.39826495,0.0461,2.234270048,2.021260857,0.66708545,0.504552266,0.053758256,0.039753249,0.435889328,5.463437532,0,-13.7206
5129115,1.973115674,1.900616879,0.174442072,0.963256693,19.35,1.29,48.26463,-92.56599,428.21,6.94996,2357.59,11.10730412,0.456801164,2.783831341,50.92239479,9.48429032,0.9664,3.607640664,3.009538381,0.725760327,0.350494083,0.637890402,0.32329093,0.703045276,2.196741202,0,-14.0593
5131500,1.996502396,1.921465804,0.171343451,0.962415977,18.4,1.36802974,48.39578,-93.54933,413.17,5.75333,4383.51,38.66733147,0.524667524,1.274256794,35.30059406,21.17080014,0.9729,4.248416951,3.603157126,0.841512296,0.429902026,0.577358473,0.289184964,0.515257274,1.134471909,0,-14.2673
5291000,1.73521013,2.237164463,0.148874501,1.28927582,24.25,1.381766382,45.29163,-96.48756,432.13,8.90129,1046.78,38.62259887,0.444663199,1.105969159,34.8452394,26.11770527,0.0059,2.152906523,1.912648922,0.692754484,0.513102972,0.218208322,0.125753255,0.414744395,3.157749596,0,-13.9127
5362000,2.35849692,2.081665394,0.174430983,0.882623749,22.85,1.287323944,45.30803,-90.95652,434.01,5.6153,1477.29,40.57461202,0.450591355,1.831325379,42.38020877,10.31640577,0.9909,4.704999519,4.254122184,0.876083653,0.564946607,0.826512698,0.35044044,0.417671461,1.255496505,0,-13.6393
5393500,2.388422998,2.086423477,0.196169866,0.873556936,22.3,1.238888889,45.44913,-89.97931,487.07,7.18561,220.44,36.12953368,0.422832293,2.550094183,55.23464733,10.09326329,1,4.776618717,4.289481839,0.883505901,0.545893701,0.985496796,0.412614012,0.409538698,1.739019932,0,-14.1
5399500,2.281986311,2.127552252,0.156958256,0.932324722,22.2,1.193548387,44.82191,-90.07958,408.61,4.56736,576.3,41.94244604,0.450260652,1.324379219,34.70023823,14.77029573,0.7338,2.274359421,1.964210989,0.736884081,0.502092968,0.687338552,0.301201873,0.262646721,2.666205707,0,-13.7795
5408000,2.486422998,2.224451225,0.140156645,0.894639097,21.85,1.292899408,43.57414,-90.64319,348.35,18.52763,689.33,1.779450841,0.456638921,0.851914589,17.89370356,19.8749665,0.9563,3.501210424,3.140981039,0.827816393,0.559201816,0.673444847,0.270848865,0.767909885,0.385611881,0.4447968,-12.1886
5412500,2.688338125,2.27296245,0.123139415,0.845489795,21.7,1.212290503,42.73999,-91.2618,327.65,8.01917,3858.21,24.70335965,0.455394869,0.983183962,29.44045985,21.08021107,0.5276,2.55919788,2.340620832,0.768937629,0.583869955,0.833438119,0.310019827,0.602930572,2.061482108,0.701516318,-13.2029
5413500,2.651338809,2.283588857,0.124159246,0.861296508,21.9,1.171122995,42.72027,-90.81929,280.29,14.29374,695.33,1.06277245,0.473053351,0.653269267,14.6734441,25.5440833,0.599,2.645322221,2.328497828,0.76200527,0.510079291,0.687563655,0.259326968,0.77314045,0.826760052,0.641304725,-12.0511
5414000,2.707295003,2.277338508,0.123542294,0.841185946,22.5,1.171875,42.7311,-90.64041,291.51,11.74505,370.79,1.507512521,0.472833954,0.651668061,14.30020971,25.31470419,0.4849,2.520187545,2.185901921,0.750584243,0.487467507,0.730649331,0.269881683,0.746325938,1.707348444,0.691278596,-12.0161
5444000,2.806124572,2.382675838,0.113352333,0.849098384,22.7,1.363363363,41.90281,-89.69622,241.53,6.34198,376.35,26.36877076,0.475371744,0.651797159,14.24698963,25.3147527,0.1186,2.676015252,2.501352577,0.792824094,0.637873294,0.826179862,0.294420237,0.669731143,1.873745596,0.853354193,-12.1966
5454000,2.747003422,2.387006817,0.10238124,0.868949342,23.15,1.361764706,41.70002,-91.48767,225.39,4.6154,65.38,39.02586207,0.471689321,0.692363281,16.76338037,25.69372733,0.0902,2.481204711,2.238943674,0.753595861,0.549114939,0.767955667,0.279561234,0.448066968,2.538912555,1,-11.8
5458000,2.567882272,2.258914237,0.122540966,0.879679828,23.2,1.278236915,43.03328,-92.50354,355.97,4.61454,776.76,45.30203443,0.439459357,1.37754343,40.6641584,21.0744272,0.2524,2.54775993,2.398164687,0.788421199,0.652196615,0.732935072,0.285423938,0.495878329,1.465314867,0.985233705,-11.8694
5466500,2.730429843,2.441439083,0.107102802,0.894159244,22.55,1.266853933,41.18698,-90.96737,222.09,4.95695,1151.57,38.10032715,0.47326129,0.663955267,15.19900727,24.5796463,0.0954,2.532295674,2.336498579,0.759089343,0.589845886,0.82251887,0.301241532,0.523850888,2.058313294,0.033085141,-15.5393
5487980,2.685623546,2.429605777,0.096451917,0.904671014,23.35,1.212987013,41.24688,-93.26607,309.96,6.21127,882.73,27.99139785,0.463358848,0.696847026,18.71459235,29.00031946,0.2602,2.131400667,1.851351025,0.702141276,0.458897318,0.706747969,0.263159731,0.247967527,1.949695857,0.128935527,-15.8028
5488200,2.663479808,2.42888078,0.101821376,0.911920103,23.75,1.208651399,41.30055,-93.04548,282.37,6.56634,234.21,31.18537859,0.465640539,0.632538763,13.81141724,27.18765169,0.4427,2.072660229,1.813462304,0.715747575,0.492875267,0.728126214,0.273374032,0.250112209,2.030606705,0,-16.5
5489000,2.680933607,2.435412923,0.097742468,0.908419707,22.65,1.211229947,41.219,-92.90853,281.38,6.43914,964.76,26.83105023,0.462784893,0.722010947,19.39228019,28.20242553,0.3304,2.352623666,2.067927914,0.725155738,0.477643623,0.686012523,0.255885681,0.260210743,2.463917971,0.0043342,-16.4793
5495000,2.729774127,2.495776523,0.096562359,0.9142795,23.3,1.185750636,40.39241,-91.59788,236.65,5.82876,1027.55,35.67486171,0.460365899,0.759646788,23.32336327,31.12141858,0.2856,2.040343209,1.762641862,0.705120273,0.468230404,0.742617577,0.272043599,0.242143395,2.721984431,0.198942186,-15.5626
5495500,2.752906229,2.534352334,0.075832497,0.920609757,23.5,1.273712737,40.14282,-91.33737,203.55,4.21758,905.56,44.2221413,0.473626009,0.614148342,14.41072349,29.4885512,0.1464,2.124328338,1.895363792,0.722141163,0.521633229,0.739617386,0.268667846,0.197626884,3.068134526,0.789407745,-12.7395
5501000,2.820394251,2.562936194,0.080596593,0.908715579,24,1.212121212,39.81799,-91.5177,215.88,5.30531,922.83,39.35055866,0.46810113,0.618430679,17.04895997,34.29553183,0.1158,2.019996654,1.745137948,0.691428767,0.452500455,0.749525284,0.265751954,0.233712855,1.9237246,0.904773216,-12.1192
5503800,2.945878166,2.577900027,0.083284386,0.875087116,24.25,1.25,39.58483,-91.99349,232.79,3.69705,212.64,47.83783784,0.467676695,0.603510832,16.94509517,35.84127003,0.076,1.82979658,1.566817459,0.668460895,0.438459405,0.765751831,0.259940088,0.117701335,2.347612826,0.101991033,-14.8532
5507600,2.920492813,3.570260507,0.074263389,1.222485633,23.6,1.272237197,39.43143,-91.67627,232.77,1.80947,275.38,48.51162791,0.474207815,0.542200402,12.62176694,34.78182731,0.0387,1.786568347,1.546444022,0.653289294,0.440595205,0.708252746,0.242511381,0.103657836,2.825227593,0.829122636,-12.381
5508805,2.872459959,2.694947118,0.075793058,0.938201805,23.3,1.249329759,39.52046,-91.34275,223.69,4.6271,536.4,33.0218712,0.472380148,0.569648401,14.07479054,34.14499727,0.0858,2.043055398,1.774197187,0.681302456,0.447477486,0.687444014,0.239322401,0.203593466,2.127367578,0.667366078,-12.931
5514500,2.948210815,2.613469199,0.071389369,0.886459403,23.3,1.229551451,39.0088,-90.97754,226.22,7.41926,2407.41,31.36060192,0.46808812,0.601340616,16.71581499,35.60925191,0.2339,2.081205192,1.775383612,0.679528136,0.418064788,0.76476255,0.259398869,0.206736386,2.817188535,0.749627204,-12.6513
5525500,2.846590007,2.466371732,0.077566299,0.866430264,21.8,1.194520548,40.63004,-87.72392,217.33,2.73734,1158.76,49.29611111,0.466267916,0.630309284,17.31763186,28.54656942,0.0268,2.46329096,2.342352001,0.755668633,0.636491624,0.976713559,0.343117048,0.382011076,1.938880106,0.482991085,-13.975
5556500,2.783137577,2.391650787,0.106987815,0.85933617,23.2,1.267759563,41.36587,-89.49843,217.97,6.17927,505.09,43.22031824,0.4721781,0.679286733,16.41722049,25.66867957,0.1229,2.667239003,2.520209777,0.787726608,0.642965398,0.856223318,0.307646781,0.481960928,2.743083696,0.529542439,-13.2329
5584500,2.770427105,2.505087926,0.086476559,0.90422445,23.25,1.253369272,40.33032,-90.89624,197.83,3.91674,1695.67,46.16263238,0.474679217,0.622513869,13.95300586,27.85347159,0.1497,2.438767885,2.245164356,0.751303363,0.575930426,0.73710498,0.266061857,0.374412872,2.71698622,0.538811438,-13.6542
5585000,2.766807666,2.512762478,0.082050691,0.908181117,23,1.243243243,40.02477,-90.63179,197.96,4.56575,3354.61,43.41084523,0.474137341,0.621748141,14.10087593,28.22777009,0.202,2.357460548,2.147542883,0.741354839,0.554249466,0.705482229,0.254980582,0.369834602,2.842760077,0.444550623,-14.085
5591550,2.89986037,2.58387076,0.069251605,0.891032819,23.5,1.291208791,39.5067,-88.52756,211.21,3.71276,96.21,49.1875,0.468814834,0.698493791,17.77723844,25.36493046,0.0151,2.390055485,2.267643914,0.738904535,0.621045223,0.892293484,0.307702224,0.356127624,2.28144857,0,-15.2
5592050,2.832898015,2.590846899,0.074088929,0.914557067,23.55,1.223376623,39.40587,-88.89646,191.16,3.71375,254.12,46.56790123,0.470934613,0.638959331,16.04887694,27.73231676,0.0709,2.201830098,2.033711705,0.712946724,0.556310109,0.786825725,0.27774587,0.308205536,2.921469125,0,-15.2
5592575,2.983382615,2.673311034,0.063880192,0.896067109,24.8,1.192307692,38.93699,-88.95284,176.47,1.56531,115.25,45.22777778,0.473228131,0.694231741,16.02657429,24.36252285,0.0625,2.064973673,1.800487699,0.684111917,0.44565281,0.865627743,0.290149758,0.178759247,1.854911646,0,-15.2
5593575,2.964422998,2.675455647,0.054747355,0.902521553,24.55,1.166270784,38.44172,-89.41675,153.43,3.13593,217.67,46.95894428,0.474091365,0.681506827,15.40485455,24.41551735,0.0737,1.841624593,1.510370676,0.685142912,0.397850195,0.875231448,0.295245128,0.134469357,2.159504155,0.765769749,-12.5964
5593900,2.861801506,2.621803696,0.073433926,0.916137507,24.4,1.22,39.14894,-89.35231,196.82,3.03005,145.45,46.43103448,0.47669954,0.564400443,12.05065167,30.23790359,0.0715,2.020695613,1.79242806,0.680991957,0.480127136,0.827436932,0.289131489,0.18527427,3.663356956,0.997612074,-11.8081
5595730,3.100681725,2.670976413,0.056671647,0.86141586,24,1.191066998,38.25394,-89.03979,151.58,3.36518,236.76,45.73278237,0.472080158,0.711085976,16.57114293,23.86342214,0.0879,2.13321199,1.815581624,0.705835326,0.433442495,0.872784691,0.281481548,0.141607181,1.896898938,0.74921814,-12.6527
6037500,2.405824778,2.603780794,0.648344908,1.082281976,14.1,1.349282297,44.65687,-111.06827,2412.29,37.64619,1126.25,2.381104034,0.422069784,2.514464936,54.74846983,14.01996996,0.8534,1.413870367,0.863027741,0.528578176,0.175220757,1.111144571,0.461855984,0.881090706,0.806472317,0.000232934,-12.7442
6043500,2.198332649,2.689934319,0.58082412,1.223624787,12.05,1.199004975,45.49743,-111.27051,2374.11,116.56357,2120.42,0.851195499,0.438594218,1.476451265,41.27972454,19.38085083,0.7832,1.823212046,1.267009606,0.608127732,0.240699945,0.938994491,0.427139401,0.678757764,0.975859939,0.094635753,-14.4232
6154410,1.290872005,2.066225749,0.197818198,1.600643395,26.75,1.656346749,47.9661,-108.66071,1168.62,49.82483,33.41,1.06741573,0.440037141,1.418237525,39.59832747,23.60333504,0.199,2.40820713,1.714845386,0.67267848,0.258549275,0.259666961,0.201156241,0.644280484,1.612836778,0.428846907,-13.3545
6188000,2.252744695,2.531674552,0.62110681,1.123817784,10.05,1.288461538,44.92772,-110.39381,2569.59,104.83955,1730.28,0.859673498,0.426873527,1.978911694,50.15498729,18.66592204,0.782,1.314974217,1.026790947,0.495269283,0.275693953,1.35024745,0.599378817,0.522506683,1.313038439,0.094751311,-12.674
6191500,2.163867214,3.332678289,0.62926226,1.540149168,9.75,1.282894737,45.11188,-110.79438,2547.95,94.05817,6783.59,2.406188651,0.425792749,2.102715609,51.3813865,16.880222,0.7861,1.323220974,0.97831041,0.482735406,0.237673948,1.144640423,0.52897905,0.673643662,1.261209687,0.032999195,-12.9291
6221400,1.550640657,3.00475833,0.714826752,1.937752835,22.75,1.458333333,43.34551,-109.41014,3336.8,127.16435,227.88,0.589041096,0.425165486,2.072492779,46.64997518,15.46726666,0.297,0.571416671,0.42271146,0.247970308,0.122424105,1.46290548,0.943420046,0.63398664,0.513287152,0.09414874,-14.1412
6224000,1.479036277,2.585163395,0.693901351,1.747870175,23.35,1.501607717,43.1769,-109.20291,3116.82,105.14637,484.86,0.56185567,0.438944471,1.456117608,38.45272063,20.55338543,0.387,0.735980334,0.477690474,0.312042477,0.126745605,1.346474143,0.910372628,0.604439999,0.886554642,0.036195498,-14.1064
6278300,1.933919233,2.551762916,0.732862235,1.3194775,16.85,1.252788104,44.50802,-107.40369,2953.37,86.72682,58.85,0.737864078,0.422137355,2.429212225,24.33545857,6.540468557,0.5225,0.869292296,0.637294699,0.376741966,0.186161948,1.259970962,0.651511676,0.427050365,1.553830923,0,-14.0554
6280300,1.952149213,2.543966256,0.666773489,1.303161787,15.95,1.276,44.20828,-109.55489,3003.52,141.18886,793.95,0.593582888,0.422940434,2.347752884,53.54825707,16.27308265,0.5853,0.785631193,0.547076433,0.33786222,0.152621114,1.179793208,0.604356061,0.609808055,1.37518951,0,-13.6275
6289000,1.721811088,2.489652334,0.583642806,1.445949762,18.5,1.434108527,45.00691,-107.61509,2507.99,86.42554,471.27,0.708651399,0.440795554,1.358995934,25.13667321,16.73695706,0.6859,1.883840983,1.320894669,0.625378271,0.247782564,0.718148006,0.417088733,0.703615168,1.379313155,0.758824248,-12.1444
6291500,1.56217796,3.10414486,0.404772817,1.987062254,22.15,1.565371025,45.12644,-107.60054,2238.49,100.83533,217.96,0.837765957,0.448633844,1.049156909,26.01548177,22.72145398,0.5915,1.593925803,1.260855405,0.57455142,0.325020462,0.491118067,0.314380358,0.63413808,0.525625923,0.406809581,-13.8996
6311000,1.456565366,2.441524038,0.57382796,1.676220028,23.65,1.468944099,44.02774,-107.08089,2515.87,41.0532,61.23,0.897196262,0.420002919,2.486943812,42.22515583,12.82609599,0.3219,1.392359472,0.952058936,0.526202779,0.216614809,0.609807349,0.418661162,0.518766322,1.507730153,0.019788046,-14.2821
6332515,1.211637235,2.475154141,0.173914615,2.042817825,23.65,1.429003021,47.78724,-102.76853,683.69,21.51406,191.49,1.074927954,0.451690263,0.89390601,16.13619801,16.99163684,0,1.392455569,1.199280548,0.540676947,0.408505304,0.04120589,0.034008438,0.129601662,1.502378677,0,-13.0452
6339100,1.15557974,2.118595825,0.160349274,1.833361863,24.3,1.5,47.23613,-102.76991,759.27,10.76088,529.14,1.143315508,0.450928931,0.874518442,19.436534,20.10745447,0,1.298324723,1.095851166,0.50789767,0.362451735,0.051600775,0.044653583,0.163825023,2.62417954,0,-13.0237
6339500,1.136354552,2.159783203,0.161668315,1.900624413,23.25,1.504854369,47.15445,-102.05989,711.32,10.60067,3171.46,4.402303052,0.45069768,0.962660956,19.10365123,17.76285201,2.00E-04,1.283845482,1.087549549,0.503237315,0.362499277,0.040496678,0.035637362,0.249937606,2.567850069,0,-13.2317
6344600,1.136924025,2.12980319,0.162624033,1.873303003,25.2,1.565217391,47.02779,-103.05324,796.57,7.89802,402.5,1.213687151,0.453138791,0.830512448,18.5072466,20.84240652,0,1.291715182,1.090295183,0.504651094,0.357330672,0.051663551,0.045441516,0.163255334,2.42996969,0,-13.0372
6350000,1.077960301,2.174678713,0.164913328,2.017401486,24.05,1.541666667,46.42667,-102.55183,833.77,7.61453,1501.05,1.410562837,0.451919736,0.863426101,16.92900248,17.80665044,0,1.372987574,1.190109545,0.503756354,0.370441094,0.04480316,0.041562904,0.252460652,1.861888413,0,-13.0304
6352000,1.095667351,2.334641492,0.168403956,2.130794068,24.15,1.468085106,46.15417,-102.47405,840.97,7.25043,1441.83,1.52917342,0.448029904,0.966925684,18.64187107,16.08890617,0,1.327413869,1.145450322,0.499443683,0.367105674,0.052164786,0.047610057,0.236326012,1.940234969,0,-12.9728
6353000,1.135227926,3.043099658,0.155792226,2.680606764,23.45,1.443076923,46.09167,-101.33374,767.71,9.54494,4526.51,1.824680307,0.446695754,1.00208863,19.47689731,15.80892163,1.00E-04,1.244105809,1.057174541,0.491669093,0.350440526,0.04258435,0.037511718,0.268675664,2.720722846,0,-13.1298
6354000,1.138187543,2.640713333,0.1592635,2.320103879,22.65,1.442675159,46.37611,-100.93444,743.88,9.74186,10598.19,2.142412278,0.445902303,1.028325205,20.05646316,15.43917707,1.00E-04,1.265671814,1.078568941,0.495896608,0.354507861,0.049805679,0.043758763,0.304447951,2.27063246,0,-13.0703
6360500,1.187192334,2.279332005,0.152009123,1.919934909,23.15,1.433436533,45.25582,-100.84292,802.48,10.51138,12654.96,6.026592692,0.441196702,1.055526802,19.13510392,14.49241262,1.00E-04,0.989619968,0.798461134,0.415567689,0.272846158,0.060727551,0.051152243,0.287935161,4.107077198,0,-15.4093
6404000,1.540819986,2.408609336,0.191294359,1.563199697,24.85,1.488023952,43.87249,-103.33658,1506.1,44.57631,151.83,0.928853755,0.443142526,1.296353935,24.76907304,16.39871931,0.7102,2.046277158,0.985466221,0.676336206,0.141667131,0.160843706,0.104388382,0.488509225,4.076701752,0,-14.0612
6406000,1.428150582,2.371293785,0.167832878,1.66039479,24.25,1.492307692,43.82805,-103.19602,1337.4,35.11128,436.34,1.572423398,0.445307907,1.267868713,27.85376033,17.34493779,0.5327,1.686327746,0.942389006,0.589306094,0.178925809,0.115858711,0.081124996,0.700473125,3.083833941,0.060469622,-14.3357
6408700,1.838093087,2.353210281,0.373160739,1.280245433,22.6,1.434920635,44.13665,-103.85854,2018.14,35.35106,20.8,0.93877551,0.45507,0.903525694,27.46666664,29.53333332,0.9795,2.652343563,1.654798144,0.739318932,0.209748193,0.635110685,0.345526943,0.977555474,1.086196104,0.83954939,-12.233
6409000,1.733442847,2.602917454,0.343337177,1.501588274,22.85,1.437106918,44.01359,-103.83048,1960.28,31.3792,205.33,0.968481375,0.452628378,0.95868191,27.12038814,27.20490879,0.7952,2.395057128,1.578700659,0.6906289,0.231701222,0.181760959,0.104855467,0.866767567,1.324290169,0.764987789,-12.5115
6431500,1.965182752,2.906362272,0.369931442,1.478927225,20.7,1.422680412,44.48248,-103.86159,1889.64,36.22756,427.1,0.997194951,0.449610356,1.103582929,32.04691491,24.83627463,0.9044,3.007616209,2.111348134,0.763443378,0.275231405,0.376538413,0.191604782,0.880856932,1.219152413,0.62267214,-12.9291
6440200,1.316009582,2.364042998,0.14080585,1.796372176,24.25,1.413994169,43.96888,-101.76709,756.84,9.79001,649.19,7.405132906,0.459288866,0.684760226,13.91611485,20.19025028,0,0.867418572,0.687038697,0.370097406,0.227159957,0.072299801,0.054938658,0.098129712,3.039039284,0,-15.9866
6441500,1.309505818,2.335091075,0.131508247,1.783184956,23.05,1.414110429,44.32665,-100.3843,683.42,12.47192,8152.55,11.90347839,0.45987561,0.511619909,9.006174304,24.28185127,5.00E-04,1.064739185,0.869384474,0.439278271,0.28950647,0.060235298,0.045998496,0.260107644,1.967872172,0,-15.0168
6447000,1.313160849,2.725462587,0.142712538,2.075497903,23.3,1.403614458,43.7525,-101.52487,1057.12,14.40932,12849.71,9.988144205,0.443929517,1.0254929,16.69062993,9.957752783,0.0358,1.018930921,0.798918072,0.416559935,0.247807625,0.048286336,0.036771075,0.329689842,1.973240654,0.014297076,-14.9252
6447500,1.437181383,2.415818809,0.155649176,1.680942182,25.25,1.414565826,43.16667,-101.63015,1040.9,6.49678,826.61,36.62808642,0.427411803,1.708900187,43.18259481,8.618263909,0,0.991240632,0.780478432,0.423203196,0.25629327,0.072082617,0.050155546,0.666651653,1.16837964,0,-14.3476
6450500,1.471411362,2.36722512,0.144339853,1.608812587,24,1.420118343,43.60139,-100.74986,912.42,10.41664,4111.27,23.87817877,0.416894347,1.705509009,50.05913609,7.800461117,1.00E-04,1.139129389,0.91752714,0.47069377,0.293508475,0.098503887,0.066945172,0.715382782,1.457847918,0,-14.5376
6452000,1.382093087,2.409193128,0.131326768,1.743148237,22.2,1.418530351,43.74833,-99.55649,923.24,12.73758,25791.04,11.87902837,0.442592866,0.884179246,21.65768078,14.81874249,0.0242,1.102010497,0.884343312,0.452366391,0.281297705,0.065767546,0.047585468,0.429282705,2.869282442,0.009632808,-14.9098
6453600,1.7176564,2.385833238,0.128318993,1.389004948,25.25,1.402777778,42.81099,-98.17586,569.46,12.77542,2101.42,22.30145773,0.447617169,0.751558339,27.01896378,20.0042596,0.0217,1.497189276,1.229623782,0.578954405,0.357184104,0.117705758,0.068526952,0.495838897,3.39803935,0.003538608,-15.5719
6464500,1.546439425,2.40168104,0.131171471,1.553039195,25.15,1.416901408,43.02889,-99.78067,768.53,9.07924,2914.04,30.03059924,0.405836407,2.986246535,58.98356138,6.890572577,0.0109,1.296177599,1.052432688,0.530486157,0.337521488,0.084501854,0.054642848,0.63029096,1.908287211,0,-14.8514
6468170,1.30774538,2.065571773,0.143378889,1.579490782,25.05,1.419263456,47.55805,-98.86289,516.41,4.68375,2809.1,46.11212675,0.434500916,1.772915147,44.45819557,17.05438024,0.003,1.864350217,1.670750243,0.645162444,0.507387065,0.076611789,0.058583108,0.341759949,2.462768765,0,-13.7404
6468250,1.319754962,2.850338289,0.144027317,2.159748112,25.25,1.422535211,47.39972,-98.79761,508.66,4.53343,3242.61,46.11970958,0.432603343,1.817085113,45.84773943,16.53213345,0.0031,1.885928678,1.687467901,0.648196083,0.506212613,0.076582573,0.058027873,0.372291367,2.794337778,0,-13.6027
6470800,1.557598905,2.105190897,0.147189465,1.351561618,24.95,1.393854749,46.22524,-98.07177,423.26,3.54676,1071.14,49.85863268,0.436004881,1.674946032,43.73978623,18.29283968,0.0061,2.206875261,2.009665053,0.700221525,0.558942579,0.055263142,0.0354797,0.365344763,4.613983341,0,-13.6636
6477500,1.680016427,2.335321684,0.132381125,1.390058839,24.6,1.374301676,43.7764,-98.24567,466.03,5.211,1512.44,44.89912629,0.44923837,0.952791619,31.20776085,30.63345586,0,1.470616892,1.216811665,0.578604955,0.370566197,0.066567328,0.039623022,0.267754551,3.528986924,0,-13.9939
6479215,1.806774812,2.179105859,0.164751422,1.20607496,25.7,1.378016086,45.1808,-97.18619,569.24,6.43082,175.28,41.9248366,0.439734333,1.266051584,40.20576072,21.34822208,0,1.986266752,1.729617949,0.668252396,0.47833698,0.214106095,0.118501815,0.351772751,3.240032532,0,-13.2286
6479438,1.76455989,2.2410059,0.159799257,1.27000841,26.1,1.392,45.00608,-97.16508,554.25,5.06923,951.91,43.27130045,0.451412639,1.025164732,30.0584018,21.05421816,0.0027,1.924086504,1.682838174,0.660582262,0.481337077,0.142132294,0.080548297,0.417964755,2.675737413,0,-13.6154
6601000,2.115007529,2.401577467,0.105879368,1.135493578,25.4,1.365591398,42.32158,-96.48768,415.2,9.0517,450.2,20.47513812,0.475715257,0.775705319,16.00936521,17.70660579,0.0365,2.344141577,2.15082471,0.741528526,0.573016111,0.356557938,0.168584713,0.685294376,2.57809554,0,-15.955
6614800,2.917613963,3.775497112,0.760476738,1.294035866,12.15,1.233502538,40.49609,-105.86501,3296.83,145.84396,4.03,0.571428571,0.4245825,2.489729607,28.46666681,6.6666667,0.821,1.030555606,0.744444489,0.408611089,0.199999988,1.812587522,0.621256802,0.504922933,1.555707688,0,-13.1665
6622700,2.257149897,3.331293812,0.717691989,1.47588506,14.3,1.259911894,41.37024,-106.52058,2837.34,71.34178,98.7,2.2,0.421750151,2.389829302,51.98018597,15.66284635,0.7496,2.141258975,1.355784647,0.676669484,0.219318096,1.179924722,0.522749829,0.48384653,1.386011059,0.006001171,-14.2348
6623800,2.868472279,3.046182177,0.753935609,1.061952803,14.85,1.280172414,41.02358,-106.82477,2970.51,90.87092,187.66,1.14,0.422302599,2.313504993,52.80309385,15.8219025,0.9211,1.901203648,1.296218246,0.639474434,0.228084555,1.431321767,0.498983998,0.527019104,1.641115121,0,-13.8248
6632400,2.246401095,3.275386557,0.74451187,1.458059544,15.7,1.308333333,41.58525,-106.22279,3001.56,69.03992,162.99,2.518796992,0.425755247,2.167167602,46.7856286,15.45792328,0.7266,1.860953179,1.16036235,0.629400584,0.214807355,1.10150645,0.490342732,0.465671307,1.361311196,0,-13.54
6746095,2.754986995,2.98640653,0.728744289,1.084000228,12.7,1.233009709,40.53998,-105.88279,3370.38,121.42221,8.9,0.588235294,0.420326459,2.77078955,44.33446013,8.31047615,0.821,1.622793972,1.113769408,0.57633323,0.223475679,3.114037646,1.13032753,0.502216262,1.607572232,0,-13.556
6784000,1.745111567,2.476443956,0.115205161,1.419074862,24.6,1.277922078,41.03244,-98.74053,790.29,7.87218,6019.74,29.85252122,0.447473185,1.1654838,37.59028671,11.07202563,0.0143,1.429636165,1.196022767,0.566173065,0.369921948,0.091202706,0.05226182,0.728175056,0.793128909,0,-15.2
6803510,2.104924025,2.495444189,0.094047593,1.185526964,24.9,1.313984169,40.89311,-96.68155,373.26,8.11686,113.28,28.74619289,0.466874198,0.640205086,17.8987947,34.35003655,0,1.588085701,1.355003149,0.619456819,0.424149607,0.273278936,0.129828408,0.409176493,1.834877352,0,-15.2
6803530,2.142568104,2.486346817,0.099195858,1.160451709,24.3,1.259067358,41.0157,-96.54428,377.45,8.30034,309.75,30.16359918,0.472814914,0.584156949,14.06835279,32.99466268,0,1.790775133,1.622380918,0.664271847,0.508359287,0.271151294,0.126554341,0.415911802,2.199876692,0,-15.2
6814000,2.400602327,2.577198166,0.090284209,1.073563137,24.5,1.237373737,39.94778,-96.10862,401.18,7.57575,713.83,28.57692308,0.459086543,0.692078117,22.40651639,38.09784725,0.0044,1.536557268,1.286635222,0.607817628,0.395587607,0.42130046,0.175497814,0.280141865,3.347270219,0.044336658,-15.2504
6847900,1.575601643,3.305606831,0.102382585,2.097996563,24.65,1.325268817,39.76985,-100.10078,885.8,6.55023,1536.19,41.14765101,0.474609751,0.847090362,17.5606333,14.74094453,0.001,0.922368767,0.659688667,0.418650602,0.213876991,0.012180734,0.007730846,0.452948639,1.235877174,0,-13.6252
6853800,1.945875428,2.851628638,0.104135742,1.465473379,23.9,1.19201995,39.89925,-98.25043,559.13,6.65393,589.43,36.09227468,0.474954611,0.713651229,15.49647603,21.73079066,0,1.129236667,0.842923273,0.498530645,0.257662263,0.105075087,0.053998877,0.402947024,2.54937581,0.00404778,-13.8726
6876700,2.055776865,2.679570048,0.079611385,1.303434285,25.7,1.317948718,39.13907,-97.83696,448.53,8.37527,1056.44,13.81156716,0.473513183,0.602025248,14.28517964,30.27530378,0,1.148474955,0.838265115,0.497010172,0.249108175,0.159938967,0.07779977,0.347243158,3.671325963,0.287128157,-14.044
6878000,2.229780972,2.893592279,0.072786712,1.297702472,25.4,1.282828283,39.03111,-97.04029,393.93,6.59798,776.42,5.666946309,0.466966806,0.646352752,18.62359646,31.31807258,0,1.42427378,1.116975991,0.552988962,0.30389182,0.283433846,0.127112864,0.345768196,3.505925493,0,-15.7131
6879650,2.623746749,2.644288789,0.067249734,1.007829277,23.25,1.226912929,39.10195,-96.59521,402,11.67178,11.51,1,0.4741817,0.458563857,10.58361985,42.67448603,0.0311,2.349115785,2.075938214,0.698437934,0.517456714,0.476242834,0.181512501,0.32626533,2.451304279,0.587737799,-13.7376
6885500,2.445574264,2.866789185,0.084298726,1.172235588,24.95,1.2200489,39.68192,-96.44289,394.81,8.30284,1062.87,34.33333333,0.461038366,0.608027425,20.02172698,41.97508573,0.0076,1.509472028,1.294287568,0.604439141,0.411876673,0.4406362,0.180176986,0.266185037,3.292113079,0.051152334,-13.0409
6888500,2.638001369,2.728151034,0.070371966,1.034173472,24.4,1.22,39.06265,-96.15025,412.34,10.57049,842.35,2.90830721,0.4752898,0.459428448,10.12838703,41.42672966,0.0139,2.291766461,2.009912397,0.694714006,0.494829107,0.601944344,0.228181968,0.368947597,2.309151011,0.399676375,-14.0259
6889200,2.589623546,2.621313196,0.07161525,1.012237165,24.45,1.24744898,39.23833,-95.8886,347.72,8.52093,385.66,29.01587302,0.464106585,0.571872693,17.60182513,40.43010222,0.0174,2.176238641,1.882671429,0.680795507,0.446230825,0.569652697,0.219975099,0.272526421,2.285873778,0.164813592,-13.6113
6889500,2.619830253,2.628446899,0.069599736,1.003289009,25,1.278772379,39.09938,-95.72495,335.49,8.09609,748.58,30.01788756,0.464452467,0.571646996,17.53550288,40.47109704,0.0149,2.197939528,1.90793719,0.681450571,0.450941671,0.569975543,0.217562013,0.268283922,2.056477399,0.089596309,-13.3897
6892000,2.774991102,2.620075236,0.071517825,0.944174284,24.9,1.29015544,39.11633,-95.01088,304.55,9.14485,1092.72,30.83542789,0.464544777,0.612546662,17.62716578,35.76335577,0.067,1.762121272,1.4956391,0.653167004,0.412264662,0.631079373,0.22741672,0.237709068,1.629986398,0.252337964,-12.7532
6903400,2.771672827,2.431550157,0.097926268,0.877286141,23.4,1.206185567,40.95189,-93.25985,322.12,4.78235,481.42,42.90013141,0.462641692,0.69274267,21.23387887,32.9897293,0.222,1.993224836,1.728730995,0.694065576,0.467867883,0.716030142,0.258338623,0.187265118,2.953357312,0,-16.4877
6906800,3.190375086,2.656419713,0.060450474,0.83263555,24.05,1.31420765,38.70225,-92.97883,279.08,8.38096,1414.75,4.420657277,0.475249255,0.592431084,13.10863415,30.05524826,0.3516,2.580401525,2.174763762,0.713011099,0.40574105,0.917229115,0.287498833,0.194642402,2.485835687,0.59709109,-12.6822
6910800,2.667686516,2.716138563,0.061306636,1.018162571,24.9,1.23573201,38.56701,-95.96163,376.84,6.45264,444.6,6.113235294,0.47539367,0.457751413,9.990788394,41.67408117,0.0074,2.363646076,2.077084762,0.699882226,0.496130723,0.577235618,0.216380603,0.217499256,2.528403805,0.172422728,-14.96
6911900,2.665383984,2.671907474,0.06185316,1.002447486,25.25,1.225728155,38.71069,-95.83603,367.43,6.40301,293.06,4.665178571,0.47621613,0.458459564,9.636699874,40.81015191,0.0178,2.218012908,1.924993184,0.682986902,0.461675622,0.578259821,0.216951788,0.203666625,2.850266906,0.064014109,-15.0593
6917000,3.020013689,2.753761629,0.051070205,0.911837466,25.1,1.328042328,38.01897,-94.71367,296.09,6.4432,765.78,3.294067068,0.470639868,0.553761738,12.58962056,32.32327486,0.0592,1.952737428,1.632054312,0.654922466,0.383810724,0.867472661,0.287241301,0.218726497,2.300955965,0.639892897,-13.0012
6918460,3.229486653,2.753408104,0.049858847,0.852583831,23.95,1.270557029,37.40237,-93.80203,372.29,8.23995,650.69,3.811534501,0.469608087,0.61326967,15.49141794,31.65725357,0.1134,3.043960526,2.546021934,0.743258547,0.400384819,0.995544025,0.308266957,0.520716189,2.774287433,0.829175357,-12.3177
6919500,3.316985626,2.852089309,0.049446608,0.859843735,23,1.18251928,37.8342,-93.87549,304.29,6.03069,1069.42,6.089028213,0.460973122,0.800074211,17.71536417,22.59737487,0.243,2.894626838,2.456814344,0.734423445,0.41950407,0.791486203,0.238616109,0.281590786,2.441592812,0.439445499,-14.382
6921070,3.24154141,2.752118713,0.060123837,0.849015442,23.9,1.306010929,37.68265,-93.37033,374.14,9.47519,712.59,3.835032437,0.470005885,0.606411333,15.06409057,31.79249816,0.2784,3.040523408,2.534236677,0.74548284,0.4026757,0.961355439,0.296573549,0.353497285,2.408414652,0.991134088,-11.8062
6921200,3.232652977,2.738147201,0.057255427,0.847027881,24.45,1.241116751,37.75047,-93.26618,338.33,8.87458,323.62,3.4,0.471522339,0.593572334,14.36550302,32.1984416,0.2526,3.249178207,2.75624567,0.771078999,0.43079357,0.834180666,0.258048319,0.292007439,2.94907115,1,-11.8
6934000,3.256001369,2.701932841,0.064590884,0.829831605,22.3,1.232044199,38.38881,-91.81989,334.86,11.8533,8264.9,2.393399771,0.471115027,0.605671664,15.49968642,32.09572516,0.5897,3.923578584,3.398462946,0.801395108,0.451681524,0.931778388,0.286172603,0.521236764,2.864718832,0.926072991,-11.9044
7014500,3.284264203,2.772139603,0.066115361,0.844067174,21.4,1.233429395,38.15853,-91.10846,330.14,11.88533,3845.5,2.859884837,0.469679978,0.644851088,17.00950326,30.17980402,0.7777,4.616652366,4.101393252,0.84684132,0.493124473,0.857725844,0.261162255,0.533759472,2.818550071,0.532724008,-12.2049
7056000,3.617371663,2.804692868,0.052745706,0.775339979,23.75,1.25,35.98318,-92.74755,459.08,41.947,2149.36,1.04896,0.450885808,0.892696033,22.49397244,24.23865106,0.8844,4.958108585,4.398442079,0.870985014,0.491920607,1.2812132,0.354183457,0.404146771,2.23343477,0.282174135,-14.0789
7057500,3.261271732,2.773481561,0.056439437,0.850429461,25.55,1.2775,36.62303,-92.24813,324.68,11.24276,1456.44,2.403631285,0.466882661,0.671972225,18.84643725,30.69026477,0.584,4.092280944,3.514623645,0.808381133,0.432314136,1.258117201,0.38577503,0.699977299,1.79648821,0.998044239,-11.8017
7060710,3.696503765,3.047528679,0.050998483,0.824435432,24.05,1.2025,35.99535,-92.21265,272.84,18.02579,150.03,1,0.459582352,0.741097604,23.80027224,31.40749249,0.8541,5.458821793,4.818213063,0.899455276,0.484819941,0.767293025,0.207572635,0.326313185,2.058198779,0.857283609,-11.9212
7066000,3.287924709,2.753928364,0.056231314,0.837588633,26.9,1.271867612,37.15408,-91.35816,343.23,10.30686,1053.5,2.24872449,0.470688679,0.591005749,15.28462033,34.07340648,0.693,4.614631307,4.071827363,0.844997813,0.478574462,1.168394691,0.355359321,0.589871241,1.320219025,0.636085187,-12.055
7067000,3.44280219,2.757459576,0.055720413,0.800934652,25.1,1.251870324,36.99138,-91.01351,325.61,11.97771,4349.01,2.119987518,0.469624417,0.59081599,15.82201268,34.8873637,0.7931,4.829520607,4.275783873,0.859879552,0.486571179,1.207189953,0.350641683,0.679047591,1.291561375,0.527255314,-12.131
7068000,3.404091718,2.747049719,0.055510761,0.806984637,23.8,1.249343832,36.622,-90.84762,293.5,12.0651,5318.59,2.158069459,0.469501673,0.592136676,15.89186146,34.95103612,0.7417,4.914129169,4.357757917,0.864947961,0.489495022,1.333882122,0.391846705,0.71814216,1.777904263,0.476526145,-12.1665
7071500,3.338821355,2.77022152,0.053355687,0.829700432,25.15,1.276649746,36.64868,-91.20082,283.07,10.03191,2023.77,2.841789052,0.467200433,0.608500426,17.20225317,36.14153345,0.5914,4.330998673,3.768530474,0.824529931,0.451512136,0.96130966,0.287918866,0.758626701,2.050912703,0.437519164,-12.1937
7083000,2.083708419,2.843017536,0.710599948,1.364402769,16.1,1.376068376,39.17221,-106.38919,3457.46,158.91882,60.76,1.25,0.426883463,2.192323265,37.10671325,10.57118585,0.3563,0.788784878,0.5255099,0.327623935,0.153876645,1.190174663,0.571181002,0.597458087,1.319385619,0,-13.7463
7142300,1.806744695,2.832697673,0.086791678,1.567846127,25.1,1.283887468,37.87159,-98.87614,677.58,4.76724,1819.94,49.53190014,0.423554327,1.420600712,53.13876556,16.18547524,3.00E-04,1.16382103,0.848938457,0.487824779,0.247151536,0.019338256,0.01070337,0.612135073,2.780576969,0,-11.8217
7145700,2.510521561,2.800414593,0.061761152,1.115471238,26.2,1.290640394,37.24955,-97.4039,393.17,3.99175,399.81,39.98016529,0.461991139,0.616670529,21.10194517,35.25431994,0.0346,1.229428206,0.829115689,0.51434044,0.221979011,0.567355278,0.225991,0.163269442,2.256618214,0,-13.9559
7148400,1.909582478,3.200512471,0.079878132,1.676027356,26.05,1.286419753,36.81503,-98.64814,545.41,9.72975,2544.5,12.85876452,0.440312824,1.074450479,29.20863287,22.62557633,5.00E-04,0.963708628,0.70073616,0.425835705,0.232503106,0.118952797,0.062292568,0.536771083,1.300259155,0,-14.0603
7149000,1.975812457,3.009930007,0.079110059,1.523388516,25.95,1.284653465,37.0392,-98.47021,558.82,8.31384,2291.2,21.05980363,0.440488143,1.137586064,30.60762894,22.59679783,3.00E-04,1.064221246,0.767841913,0.455581505,0.238002705,0.184949851,0.093606987,0.592456138,1.806415803,0,-13.5872
7151500,2.316180698,2.980717057,0.070534939,1.286910412,25.75,1.341145833,37.12891,-97.60144,456.85,5.91848,2109,40.74189447,0.4323758,1.488221311,43.27974534,20.09107068,0.0101,1.22456563,0.818204106,0.50259636,0.215281719,0.375064883,0.161932479,0.43252991,2.155437993,0,-12.3308
7167500,2.816464066,2.72132924,0.052068919,0.966221893,24.9,1.245,37.70821,-96.2236,383.36,10.91937,319.62,1.217659138,0.476219233,0.451638642,9.491302411,41.35977655,0.0167,2.15220111,1.849112667,0.670850767,0.462661949,0.838546656,0.297730288,0.212084142,2.483384795,0.065657368,-15.2534
7180500,2.607589322,2.931383518,0.055784621,1.12417377,26.2,1.27804878,38.19645,-96.82458,442.86,4.64743,275.51,4.093078759,0.477398491,0.446890649,8.80958252,40.78892489,0.0015,1.876830526,1.59009707,0.631699297,0.431178489,0.656215582,0.251656032,0.319151962,2.128692789,0,-16.1576
7184000,3.255382615,2.741905558,0.045357618,0.842268293,23.25,1.332378223,37.28125,-95.03267,280.99,3.48891,510.84,5.980544747,0.467109677,0.617892722,17.50598321,35.20875863,0.0078,1.715975888,1.382199885,0.616467737,0.340591654,0.977276483,0.300203263,0.137372313,3.016819812,0,-15.4824
7195800,3.504130048,2.862758316,0.048236422,0.816966915,26,1.262135922,36.25548,-94.43394,371.07,10.46386,38.23,1,0.471236409,0.61561451,15.51429501,31.71159994,0.2232,3.36641176,2.821123493,0.774488423,0.402198958,1.011694582,0.288714907,0.529321367,2.132385434,1,-11.8
7196900,3.703661875,2.863045626,0.046098632,0.773031049,24.95,1.196642686,35.88008,-94.48661,430.12,35.12088,106.35,1.018987342,0.444171802,1.070241509,24.52789265,20.83518367,0.5407,3.599295995,3.081183113,0.780021905,0.419012719,1.202810871,0.324762603,0.371447096,1.511032025,0.144602427,-14.7084
7197000,3.624199863,2.871805996,0.040801094,0.792397247,24.75,1.207317073,35.9212,-94.83856,348.86,21.68267,808.45,1.89504618,0.463775911,0.710652031,18.31122099,28.02524205,0.6716,3.83361343,3.321316369,0.797898448,0.44410393,1.150139812,0.317349996,0.456229005,1.888282264,0.694359968,-12.6616
7208500,1.658678987,2.916186858,0.333134984,1.758138182,28.8,1.5,36.37226,-104.97,2675.36,72.29899,159.22,0.93877551,0.437587611,1.075700573,39.21108645,30.05204099,0.6805,1.653354978,0.913433783,0.598012502,0.188280394,0.214323901,0.129213611,0.61696418,2.645596766,0.018139314,-13.4318
7226500,1.074360027,2.710015455,0.073573558,2.522446281,25.45,1.519402985,35.43838,-103.52579,1587.35,17.56282,5242.75,14.87252199,0.432210226,1.495115433,41.26913379,19.62875995,0.0028,0.577298773,0.373908211,0.286549543,0.154655566,0.004553165,0.004238025,0.073812421,-0.636292615,6.48E-05,-13.2545
7261000,3.749127995,2.903797276,0.037806099,0.774526044,24.2,1.198019802,35.2988,-92.40393,197.55,14.38002,445.81,1.118086697,0.435237434,1.468586542,42.01655918,24.12016656,0.2534,2.992988725,2.414698445,0.716195753,0.342285044,1.349053929,0.359831388,0.397952647,2.288746467,0,-15.2
7263295,3.946117728,3.389746297,0.031045511,0.859007899,25.1,1.274111675,34.8762,-92.77461,260.56,27.63587,119.03,1.011111111,0.442565787,1.069136716,35.74360198,31.56296799,0.8657,5.000829973,3.728644717,0.860619622,0.288205453,1.364765926,0.345850281,0.296225117,1.729301924,0,-15.2
7290650,4.154616016,3.422857728,0.004061026,0.823868611,22.7,1.268156425,32.01778,-90.87694,105.8,7.48765,1688.73,29.5693153,0.460692836,0.958871251,25.87071086,20.46149836,0.7965,4.504964176,3.303674854,0.81530605,0.280783459,1.210778338,0.291429661,0.307445601,1.950952858,0,-11.0545
7291000,4.273158111,3.191381342,0.00356939,0.74684373,24.35,1.278215223,31.50306,-90.7775,129.13,7.60783,479.3,29.15976331,0.451292389,1.133574358,32.34089587,21.03659091,0.9777,5.188176707,3.509729203,0.846542503,0.198569405,1.314143784,0.307534556,0.375506809,1.689006455,0,-11.8728
7292500,4.255530459,3.474859001,0.002579886,0.816551317,23.8,1.265957447,31.32472,-91.10944,115.81,7.03828,2073.09,27.22700451,0.451942058,1.125701249,31.91679972,20.90834052,0.9468,5.085763694,3.37341325,0.838933229,0.185255718,1.326588068,0.311732716,0.449695543,2.912389498,0,-12.1976
7295000,4.38075154,3.553881164,0.001879606,0.811249196,25.25,1.228710462,31.22694,-91.29556,95.88,6.82945,466.58,27.09006211,0.454735702,1.018156815,29.27577101,23.49379325,0.94,5.061492853,3.276449228,0.839611751,0.180542519,1.571256694,0.358672862,0.330516022,2.05207657,0,-12.4216
7299670,1.772833676,4.142273744,0.029132353,2.336526997,26.45,1.449315068,34.35452,-99.74037,497.04,6.82082,828.36,2.065436242,0.450330858,0.627439351,25.78796633,46.92095867,0.0012,0.833215155,0.552666653,0.374394955,0.16823566,0.101725926,0.057380412,0.454826336,1.754610681,0,-16.1798
7301410,1.690138261,2.90849013,0.075416759,1.720859291,25.85,1.325641026,35.4731,-100.12095,787.71,10.70028,769.67,29.56575463,0.408479238,2.697087687,64.37051242,13.82333551,0,0.963149226,0.721125725,0.424016035,0.247578372,0.041160421,0.024353286,0.661661212,1.551905625,0,-13.0112
7301500,1.72773306,3.099671513,0.069424273,1.794068531,25.35,1.38147139,35.16811,-99.50731,841.43,9.12835,6885.07,28.89492754,0.423780659,1.400757126,48.28336859,20.88445664,8.00E-04,0.900953205,0.656207344,0.401804031,0.222052108,0.04705254,0.027233686,0.538401518,2.019104464,0,-13.3382
7315200,2.231993155,3.811487529,0.016256039,1.70766094,26.8,1.367346939,33.81288,-98.08504,310.11,5.60451,501.62,1.273991655,0.443351835,0.866483376,31.43885856,37.6568226,0.0923,1.506226935,1.15002687,0.547172991,0.26656734,0.146243158,0.065521329,0.077192555,3.765730801,0,-15.1413
7315700,2.502206708,3.069474114,0.020816123,1.226706852,25.55,1.327272727,34.00426,-97.56697,286.95,6.30245,1488.69,11.29129412,0.443785762,1.09543242,35.7375998,28.28877283,0.0437,1.589362902,1.214585603,0.565856291,0.283918086,0.35823036,0.143165774,0.158217009,2.74591686,0,-13.9493
7335700,4.235282683,2.837448241,0.043016296,0.669954866,25.65,1.245145631,34.63844,-94.61272,450.35,54.44576,102.57,2.101265823,0.442601345,1.066611262,35.65063188,31.82367023,0.9722,5.445596079,4.445159749,0.888598103,0.393213158,2.116558308,0.499744283,0.321583877,1.952916277,0,-14.7247
7340300,4.382833676,2.879540712,0.038567805,0.657004332,23.95,1.212658228,34.37955,-94.23576,342.71,20.62376,230.43,0.986449864,0.45596123,0.890859671,27.05610398,28.7002763,0.9591,5.479734023,4.385525476,0.884643901,0.356442307,1.915202574,0.436978155,0.336093043,2.120247362,0,-15.6284
7346045,3.582024641,3.14231922,0.016889794,0.877246679,25.8,1.323076923,32.77792,-94.35742,103.75,7.44495,959.89,1.65303141,0.412416782,2.749297484,58.69085924,14.11943836,0.8518,3.8157592,2.977242722,0.771894053,0.321061572,0.900645182,0.25143467,0.49223208,2.687698184,0,-14.6716
7359610,4.28054757,2.91806742,0.030179025,0.681704238,23.75,1.193467337,34.38278,-93.60611,301.25,26.3835,342.23,1.069860279,0.450230969,0.973048182,30.9684633,29.17246715,0.9453,4.8064963,3.964971894,0.848542843,0.379576312,1.901259941,0.444162788,0.416949592,1.592021615,0,-16.042
7362100,3.80791102,3.054509569,0.018323466,0.802148357,23.8,1.293478261,33.37596,-92.77711,82.82,5.30737,996.08,4.972301136,0.448028187,1.120763594,33.4941959,25.43258184,0.9703,5.184567354,3.799594714,0.861914256,0.267873189,1.063060809,0.279171652,0.334656679,3.002742995,0,-13
7362587,4.213067762,3.159702984,0.036638067,0.749976778,24.2,1.228426396,34.79759,-92.93351,287.49,26.09551,69.77,1.019230769,0.443175,1.020976917,34.875,33.25,0.9966,5.309433022,3.962816436,0.874011373,0.292992308,1.71062052,0.406027298,0.251293587,1.693740997,0,-15.2
7373000,4.242907598,3.413675565,0.003303496,0.804560431,23.25,1.270491803,31.53629,-92.40847,63.49,4.91804,131.18,37.87894737,0.434807304,1.495817811,43.80029869,21.61154652,0.904,4.722306955,3.090470605,0.848567836,0.192403445,1.170815917,0.275908823,0.466626331,1.564380759,0,-13.8823
7375000,4.611883641,3.715134223,0.000508166,0.805556799,22.3,1.274285714,30.61602,-90.24869,54.03,3.81251,249.35,45.7700831,0.436374758,1.682673501,43.42421904,18.81851657,0.7492,3.996737851,2.623121562,0.777066536,0.198863563,1.543044245,0.334580047,0.465968437,2.151828779,0,-13.7861
7376000,4.587405886,3.935050856,0.001204679,0.857794351,21.4,1.258823529,30.5038,-90.67732,64.48,3.57506,651.61,43.32233223,0.445544655,1.344692647,36.6255005,20.12739108,0.9532,4.698761623,2.968796302,0.82096893,0.175539181,1.451487709,0.316407082,0.464992253,2.723804318,0,-12.9582
8013000,4.320046543,3.219655291,0.003286336,0.745282547,21.9,1.233802817,30.99602,-92.67375,75.95,4.567,1293.69,44.16841524,0.44736004,1.081808312,31.76481449,22.80227563,0.9144,4.835608626,2.994193057,0.828604928,0.160985303,1.475475209,0.341541508,0.349477438,2.239138222,0,-13.9362
8014500,4.472329911,3.270267611,0.002245766,0.731222355,21.25,1.217765043,30.69875,-92.89319,57.95,3.28615,1305.15,44.61327482,0.448874744,1.206643021,34.60596426,18.87780322,0.8187,4.670514733,2.735252332,0.822381094,0.144744491,1.42309618,0.318200179,0.492428349,2.118819325,0,-13.9215
8023080,4.023367556,3.221669473,0.00720466,0.800739537,24,1.273209549,31.97933,-93.93408,86.85,4.78985,187.61,8.280701754,0.450090694,0.962698533,31.54296523,27.34674454,0.8629,4.186305169,2.945635769,0.78032825,0.236945374,1.085592915,0.269821959,0.174084917,2.684104326,0,-13.0466
8025500,3.995754962,3.217361013,0.002784954,0.805194774,24.3,1.233502538,31.30713,-93.51573,95.89,6.86134,383.02,6.347663551,0.449469537,0.867682471,29.23246697,28.81809404,0.932,4.807759795,3.008346936,0.828083654,0.156135526,1.084012486,0.271291032,0.281555944,2.218692842,0,-13.5444
8029500,4.203683778,3.572862355,0.002072756,0.849936043,23.15,1.199481865,30.81889,-93.78556,78.75,5.08421,333.4,34.76199262,0.415032812,1.859553074,57.49542965,22.49642729,0.9705,4.204631883,2.591266784,0.784508844,0.166741371,1.1487836,0.273280213,0.480582824,1.987847058,0,-13.5446
8050800,2.819348392,3.141792539,0.019672897,1.114368323,26.4,1.306930693,33.55455,-96.94723,229.09,5.75131,100.93,3.075949367,0.425154429,1.419379707,39.41882992,28.84653481,0.1279,1.894447515,1.501986721,0.610462839,0.310919403,0.502317809,0.178168052,0.121219611,4.060505342,0,-15.1765
8066200,3.814758385,3.886411567,0.002320682,1.018783151,24.4,1.267532468,30.71631,-94.95882,86.8,6.98455,364.12,32.02906977,0.435771131,0.976281984,34.01251296,36.73717058,0.8456,4.244184122,2.665829345,0.78920026,0.177706654,0.924776569,0.242420745,0.176463805,2.894528347,0,-13.2746
8066300,3.976249144,4.190918658,0.001753051,1.053987943,22.45,1.236914601,30.48139,-94.77972,67.47,4.66804,383.57,44.33211009,0.417061195,2.282800068,52.02650967,19.88312586,0.8251,5.07057721,3.009742914,0.834551991,0.136745309,0.927331516,0.233217659,0.427236615,2.501157709,0,-13.4839
8070000,3.643779603,3.67837729,0.002380737,1.009495,23.5,1.284153005,30.3366,-95.1041,84.67,5.61372,841.06,36.42478632,0.421385512,1.531518881,46.63534519,26.17681001,0.8302,4.208670487,2.685910456,0.796091402,0.181083351,0.800016004,0.219556639,0.289556202,3.007153366,0,-13.5354
8070200,3.676714579,4.025771718,0.002455098,1.094937241,23.3,1.283746556,30.14549,-95.12438,71.08,4.64193,989.37,38.56088825,0.422956452,1.570077983,45.8005687,24.16571255,0.8129,4.204255489,2.698262205,0.794353898,0.187344426,0.786442885,0.213898269,0.327146159,3.008954315,0,-13.4571
8079600,1.37242026,3.580756372,0.035721802,2.609081545,25.15,1.416901408,33.03843,-101.19763,952.69,5.15091,3348.95,41.06247481,0.430303976,1.332625764,44.75446206,30.12077803,0,0.768546451,0.545950022,0.349582532,0.188481952,0.021944875,0.015989909,0.040180985,1.980962383,0.003292132,-13.4623
8082700,1.82721013,3.651840589,0.012802138,1.998588191,26.45,1.410666667,33.32927,-99.46508,453.85,4.04181,276.04,4.891414141,0.450462548,0.619183017,25.28627076,50.3539121,0,0.83900161,0.479900302,0.380339213,0.121724045,0.070745008,0.0387175,0.04222529,3.281875796,0,-14.2036
8086212,1.908219028,3.261216099,0.013186231,1.709036568,25.45,1.425770308,32.7329,-99.14063,507.6,10.25442,1584.82,1.330049261,0.4562139,0.569275874,21.5530206,47.33283035,0.0038,1.258478541,0.933278039,0.491796078,0.239248988,0.089600904,0.046955251,0.124925618,3.038459667,0.004929139,-15.8201
8086290,2.018210815,3.574709377,0.012879985,1.771226946,25.65,1.457386364,32.64846,-99.00451,475.58,7.94291,732.98,1.301541426,0.446472715,0.70084487,29.38854795,44.26770101,0.0066,1.290852556,0.954765924,0.498299436,0.233070144,0.102353953,0.050715194,0.064274124,2.572077225,0.004479712,-14.9995
8101000,2.396481862,3.301889131,0.009179553,1.377806852,26,1.436464088,31.28489,-97.88502,388.23,11.33266,1177.1,1.131642512,0.457825129,0.742507473,18.27885978,27.10333805,0.0067,1.239354782,0.821306554,0.488418365,0.196905708,0.274406465,0.114503877,0.317706584,3.429262493,0.002456084,-15.173
8103900,2.444951403,3.325250021,0.009284242,1.360047491,26.1,1.377308707,30.91157,-98.03697,382.97,9.98524,86,1.073170732,0.457805,0.927570512,26.8,24.7,0.0201,1.094311101,0.683469313,0.443498383,0.15421479,0.330650851,0.13523821,0.405870708,2.803157777,0,-13.5955
8104900,2.52033128,3.352116427,0.009359612,1.330030085,26.8,1.333333333,30.62575,-97.69112,317.44,12.46897,342.62,1.149590164,0.456687765,0.736742579,21.29997592,27.77677149,0.0263,1.333482368,0.827765488,0.503745936,0.175516397,0.387834739,0.153882445,0.415141447,3.195970708,0.340699753,-14.2839
8109700,2.637816564,3.390921369,0.005136163,1.285503099,25.9,1.463276836,30.33938,-96.9047,143.05,6.2489,610.13,4.210035006,0.414670362,1.819947816,55.71325563,22.59006159,0.0282,1.465146751,1.04981878,0.562169924,0.246758765,0.296238598,0.112304472,0.247239695,2.987439558,0,-14.084
8150800,2.105409993,3.350305366,0.00823406,1.591284062,25.15,1.348525469,30.64352,-99.09588,563.65,14.64471,557.52,1.924675325,0.440474655,0.871695682,20.68905404,17.77802558,0.0386,1.318403131,0.818088103,0.501699125,0.178338123,0.095536087,0.045376476,0.323645205,2.972260001,0.812705264,-12.0426
8155200,2.504511978,3.376621164,0.006380818,1.348215218,25.25,1.398891967,30.29632,-97.92557,337.33,13.093,232.74,1.020833333,0.457798694,0.926846102,26.77741496,24.69400425,0.088,1.345934376,0.739264585,0.501813649,0.133297548,0.449327628,0.179407259,0.452290962,2.822615571,1,-11.8
8158700,2.56350308,3.374985708,0.006475354,1.316552235,25.25,1.372282609,30.08299,-98.00779,367.97,13.35994,320.34,1.087053571,0.457849735,0.925853313,26.75987223,24.73309902,0.0414,1.341175422,0.794651987,0.506337627,0.158946957,0.424298017,0.165514924,0.475452959,2.557013687,0.970592134,-11.8353
8158810,2.508960986,3.377082628,0.005846259,1.346008426,25.05,1.387811634,30.15549,-97.94001,308.05,10.64469,31.79,1,0.457805,0.927570512,26.8,24.7,0.0548,1.338376413,0.807070184,0.497403458,0.155042114,0.495642414,0.197548872,0.440080073,2.959465565,1,-11.8
8164000,2.933000684,4.7439059,0.001380127,1.617424069,23.75,1.503164557,28.95998,-96.68637,73.09,4.02264,2124,39.28859527,0.427897262,1.205183472,45.07884186,34.57830886,0.074,1.553229836,1.023617351,0.582446894,0.213788703,0.608924865,0.207611566,0.189173447,3.175790354,0,-13.4365
8164300,2.850060233,4.718958604,0.002135478,1.655739956,25.45,1.475362319,29.46691,-96.81276,102.72,5.75162,861.54,31.58948261,0.435782256,1.031833727,38.87953699,37.62545813,0.0122,1.570924994,1.038435108,0.588425089,0.208063438,0.45526943,0.159740284,0.166921796,2.944332994,0,-13.403
8164600,3.102590007,3.777449062,0.000897883,1.217514739,25,1.538461538,28.89138,-96.81915,37.19,1.85956,253.92,49.33787466,0.415932776,1.869725456,55.0384527,29.49357055,0.0573,1.506487775,0.977483837,0.572629453,0.212881108,0.623875289,0.201082092,0.116282008,3.390446154,0,-13.0614
8165300,2.228876112,3.345473361,0.005616038,1.500968736,25.55,1.362666667,30.0641,-99.38699,669.21,10.29971,435.99,1.184818482,0.45261034,0.571198489,9.470999368,21.5913878,0.1466,1.194407948,0.646378835,0.480704369,0.141313783,0.201994257,0.090626058,0.706219457,1.6804111,1,-11.8
8171300,2.56038193,4.675037577,0.004320026,1.825914143,24.9,1.431034483,29.97938,-97.91,379.23,13.97922,1067.47,1.249491525,0.458117937,0.842931145,24.57711386,25.78502962,0.0569,1.398378908,0.822139434,0.517311219,0.168631659,0.426180353,0.166451867,0.476775763,2.716170523,0.836617954,-12.0681
8175000,2.416309377,3.444295592,0.002229318,1.425436504,25.55,1.520833333,29.21525,-97.44943,113.27,5.3832,1421.66,7.02166065,0.426574364,1.253747275,46.37060435,33.99831758,0.0703,1.503287765,1.124263238,0.576422327,0.26687184,0.253653343,0.104975524,0.139486634,2.650291877,0,-13.7901
8176900,2.492143737,3.880572895,0.001800593,1.557122423,25.85,1.590769231,28.86165,-97.22638,88.45,5.1182,925.44,37.50793651,0.415292891,2.051958456,56.26740981,26.50645231,0.1949,1.519482896,1.030251322,0.583532288,0.233542002,0.237770247,0.095407919,0.180428333,2.693435343,0,-13.2419
8178880,2.475806982,3.382485421,0.003044935,1.366215317,24.1,1.389048991,29.72384,-99.07004,542.56,19.49002,850.58,1.42442357,0.455323666,0.56624393,10.07124941,23.69201092,0.4391,1.550799227,0.977153952,0.530201148,0.188921802,0.484203525,0.19557402,0.511344264,1.674789066,0.984755694,-11.8183
8189500,2.374370979,4.736852977,0.001628732,1.994992787,23.3,1.451713396,28.29195,-97.27916,67.31,4.02675,1808.29,41.20343137,0.421752526,1.785087718,49.94786579,27.92472679,0.1046,1.463568941,1.00323717,0.564346281,0.236393554,0.213181689,0.089784491,0.173428748,2.284205382,0,-13.0338
8190000,1.917389459,3.398908131,0.003707556,1.772674881,25.2,1.384615385,29.42857,-99.99729,567.77,17.30756,1961.43,1.875906835,0.455489645,0.599163652,10.28445887,20.37479785,0.2878,1.286536673,0.66931714,0.492121796,0.126840932,0.26409175,0.137735059,0.587385365,1.532476171,0.924281045,-11.8909
8190500,1.826854209,4.206361314,0.004490763,2.302516146,24.55,1.398860399,29.47273,-100.23646,590.4,13.29277,1799.09,1.739236393,0.445772745,0.785347278,9.356544888,13.41875201,0.1388,1.035223363,0.528285842,0.443986964,0.117307972,0.050058278,0.027401353,0.143706836,1.934031679,0.977785639,-11.8297
8194200,1.397215606,3.619265257,0.00055356,2.590341277,23.65,1.501587302,27.96501,-98.96697,161.27,5.02405,1220.58,7.772397094,0.441936288,0.790437584,31.68210003,46.72122756,8.00E-04,1.07833478,0.661138004,0.446835555,0.175884843,0.072298839,0.051744941,0.042775476,1.523429283,0,-13.0266
8195000,2.211577002,3.387042053,0.00435763,1.531505369,25,1.358695652,29.48857,-99.70478,578.2,20.77367,1028.29,1.695431472,0.455520753,0.589244144,10.64662463,22.21875664,0.5043,1.686287159,0.948294778,0.555785114,0.154644087,0.363266252,0.16425666,0.629209001,1.279701774,0.925547329,-11.8893
8196000,2.085787817,3.421021629,0.002389628,1.640158027,25.8,1.402173913,29.50468,-99.78145,536.77,22.61663,326.98,1.043659044,0.455098832,0.58534511,10.02946389,21.30302072,0.6396,1.762722755,0.907345183,0.58286207,0.138824703,0.273014712,0.13089285,0.492736087,1.603089449,0.978856151,-11.8254
8198500,2.253373032,3.415260397,0.003098253,1.515621403,24.7,1.444444444,29.31431,-99.48047,439.45,15.828,624.35,8.602477477,0.455567556,0.605192418,12.84056934,25.23874868,0.4132,1.728021718,1.016607845,0.55516078,0.166049187,0.165647655,0.073510978,0.285878338,2.196179901,0.721963336,-11.9231
8200000,2.393649555,3.395118782,0.002628447,1.418385901,24.65,1.458579882,29.56967,-99.24671,464.34,21.00912,249.11,1.922190202,0.456179088,0.585234271,11.61625603,24.87181841,0.6625,1.611600657,0.924283148,0.543881619,0.167626211,0.508669443,0.212507901,0.423545325,2.040536654,0.933477049,-11.8798
8202700,2.226349076,3.428641889,0.002762016,1.540028887,24.65,1.458579882,29.37079,-99.28782,399.03,15.73611,434.75,4.695798319,0.457296563,0.635504191,14.9727112,26.54869433,0.4827,1.596239421,0.914329026,0.551950068,0.161535754,0.057450009,0.025804583,0.006858287,2.22558002,0.799089852,-11.8593
8267500,1.678718686,3.55741332,0.471388008,2.119124157,26.9,1.469945355,36.54169,-105.5564,3006.6,149.08403,96.26,0.496644295,0.46155023,0.774957321,23.42665283,27.3028161,0.7348,1.649667795,0.958100942,0.587627751,0.20321159,0.879731588,0.524049441,0.692315104,2.452093536,0,-13.3318
8269000,1.545537303,3.793536906,0.401645682,2.454510091,28.15,1.46997389,36.43947,-105.50362,2791.36,117.24472,163.27,0.637860082,0.453228583,0.881491594,28.42947207,27.88181164,0.7622,2.06732792,1.170977657,0.661587687,0.194897614,0.403642887,0.261166706,0.624502381,1.933779287,0,-14.9532
8271000,1.694047912,4.027345613,0.48400245,2.377350477,28,1.505376344,36.50836,-105.53084,2722.86,141.28096,43.77,0.569444444,0.451485957,0.938352717,31.00889703,25.62542916,0.654,1.553787863,0.974419803,0.544135916,0.202262339,1.128968813,0.666432635,0.692205995,1.657162738,0,-13.8495
8324000,1.53157974,3.063129185,0.365429082,1.99998022,27.7,1.582857143,35.66169,-106.74337,2459.47,74.75895,1207.95,1.22278057,0.431404891,1.583200091,43.32053586,17.75147437,0.5803,1.646695817,0.865648383,0.584625736,0.160920299,0.14126295,0.092233493,0.640324967,0.883593211,0.123077032,-12.8974
8377900,2.042814511,3.059941588,0.466213355,1.497904764,25.95,1.50872093,35.77725,-105.65807,3017.75,105.29076,139.03,0.850961538,0.436661925,1.203506343,33.96056176,23.43376743,0.9747,1.911329292,1.136735012,0.641245683,0.214156211,0.635229458,0.310957972,0.540693914,1.800416652,0.201264136,-14.0443
8378500,1.956338125,3.135561383,0.449989329,1.602770678,25.95,1.482857143,35.70837,-105.68252,2965.23,104.53474,444.96,0.818320611,0.429028449,1.431755786,36.86497369,22.94480528,0.965,1.947592924,1.149777311,0.646701237,0.2081342,0.587627058,0.300370907,0.611703743,1.781632504,0.176136439,-14.2476
8380500,1.74828063,3.055200082,0.291104431,1.747545577,27.05,1.563583815,35.65199,-105.3189,2523.15,74.8758,198.06,0.834459459,0.443362667,0.931538151,29.58785022,31.02810978,0.8242,1.854165879,0.871586382,0.635941248,0.146555518,0.285583745,0.163351204,0.553971808,2.137646138,0.409077025,-13.0611
9034900,2.586208077,2.998558001,0.72579444,1.159441898,13.1,1.386243386,39.76026,-105.9064,3571.18,102.75895,15.65,0.472222222,0.4245825,2.489729607,28.46666681,6.6666667,0.2933,0.990781317,0.736067248,0.394374624,0.209781366,1.63731472,0.633094736,0.523480897,1.032943239,0,-14.1
9035800,2.455986311,3.817228925,0.703715182,1.554254968,13.75,1.368159204,39.80054,-106.02641,3271.22,145.66646,22.94,0.473684211,0.419061811,2.866293318,49.32240922,8.868902036,0.57,1.477949429,1.015669763,0.545968759,0.223787883,0.93330417,0.38001196,0.605351611,1.302725893,0,-13.959
9035900,2.387453799,3.434853525,0.689823885,1.438709946,13.1,1.316582915,39.79582,-106.03057,3240.75,123.91195,72.84,0.564102564,0.422208424,2.638206614,37.72905448,7.689007527,0.6008,1.452674582,1.001813648,0.531989429,0.223741387,1.134500034,0.475192456,0.611368587,1.287821855,0,-14.0417
9047700,2.030848734,3.909288556,0.626945101,1.924953095,12.45,1.35326087,39.59443,-105.97252,3333.84,103.791,23.57,0.45,0.419521081,2.831271014,47.33715095,8.621537143,0.7022,1.486089059,0.858300734,0.555913212,0.173284009,0.670294987,0.33005658,0.659171636,1.863735317,0,-14.0945
9065500,2.570383299,3.719377947,0.715530726,1.44701296,11.65,1.331428571,39.62582,-106.27808,3350.1,112.77892,37.78,0.403225806,0.421332242,2.675328144,41.55714278,8.501329461,0.8324,1.286132403,0.936785329,0.463035338,0.217116081,1.921686088,0.747626274,0.529510759,1.445633487,0,-14.0614
9066000,2.269394935,3.472258015,0.682272757,1.530036911,12.35,1.320855615,39.59638,-106.26503,3405.13,96.54414,32.41,0.5,0.424597456,2.179994423,45.44574955,16.80808035,0.7706,1.667919632,1.156297284,0.582190914,0.242730296,1.222147698,0.538534602,0.502968479,1.694215919,0,-12.9834
9066200,2.650229979,3.705613005,0.712216418,1.398223186,14.6,1.397129187,39.64832,-106.32308,3071.97,145.36852,16.1,0.266666667,0.420581656,2.752160531,43.3830101,8.21191156,0.6686,1.607434881,1.220470827,0.528071072,0.261418621,1.717065403,0.647892982,0.503168678,1.066786201,0.031718203,-13.4797
9066300,2.521845311,3.748450856,0.688317497,1.486392063,15.6,1.380530973,39.64582,-106.38225,2943.62,143.8313,15.52,0.482758621,0.418177222,2.938291668,52.34746054,9.140575555,0.7632,2.248846337,1.611407333,0.662400263,0.271592551,0.842999027,0.334278642,0.467679011,1.630506465,0,-13.0611
9081600,2.678277892,4.024814415,0.664742124,1.502762065,15.05,1.433333333,39.23221,-107.22727,2990.97,150.5766,432.89,0.563609467,0.438634295,1.423065806,29.75939806,18.38958816,0.6136,2.13435487,1.730347003,0.600361397,0.318935644,1.640917635,0.612676392,0.607648151,1.515937416,0.01856767,-14.5073
9107000,1.915054073,3.227400753,0.672583021,1.685279178,16.95,1.37804878,38.86027,-106.5667,3300.29,103.42073,331.62,1.331384016,0.419387054,2.623954686,52.96232183,13.15581177,0.6075,1.200764251,0.7154205,0.464051504,0.162126731,0.816738429,0.426483221,0.666322332,1.580869299,0.038362235,-13.6265
9210500,1.382766598,2.629682806,0.654725075,1.901754649,21.95,1.338414634,42.09605,-110.41656,2441.13,59.4828,398.31,0.970496894,0.440651022,1.610357836,33.81894014,14.53809311,0.2624,1.078245539,0.787071103,0.421651853,0.208727705,0.37500677,0.271200339,0.680547674,1.730502521,0.046047787,-14.7974
9223000,1.73407666,2.735310007,0.69832318,1.577387015,19.3,1.321917808,42.11049,-110.70962,2448.68,61.24655,333.15,0.77818854,0.44232871,1.412310641,33.46981134,17.48543047,0.433,1.698294474,1.237912885,0.592024539,0.266863108,0.571646202,0.329654516,0.549480497,2.094432104,0.018853934,-14.9409
9306242,1.268443532,3.683803039,0.358007464,2.904191591,29.2,1.501285347,39.92025,-108.47287,2245.09,61.01553,81.99,0.891304348,0.435390911,1.691910734,34.32492653,15.33879229,0,0.817796167,0.559897955,0.346300865,0.161054982,0.033435995,0.026359861,0.686514787,2.374104113,0,-15.7937
9312600,1.584095825,3.755033963,0.604725964,2.370458847,22.05,1.386792453,39.87579,-111.03739,2434.67,72.89216,195.29,0.871382637,0.440266659,1.382973564,39.3702333,23.85840455,0.0454,1.631322488,1.278459233,0.551638978,0.302182712,0.273065152,0.172379188,0.505896167,3.585494229,0,-16.2648
9352900,2.524340862,3.134339685,0.633893899,1.241646773,18.75,1.420454545,37.4775,-107.54367,3282.66,156.08833,188.15,0.498245614,0.432679583,1.665306839,44.10587449,22.14394883,0.5199,1.097299048,0.745756522,0.426909973,0.205398748,1.84255171,0.72991399,0.597098797,1.433802132,0.038449389,-13.9404
9378170,1.623308693,2.908896838,0.504005222,1.791955437,29.35,1.706395349,37.84666,-109.36956,2308.2,67.67706,21.9,1.15625,0.423968653,2.174740571,47.53387514,16.09231472,0.2522,1.769656959,1.324123056,0.561753004,0.284673139,0.169090127,0.104163877,0.491069036,2.978004057,0,-14.2625
9378630,1.580520192,2.968855975,0.503089462,1.878404332,29.5,1.730205279,37.75555,-109.47651,2125.1,53.41527,10.42,0.55,0.423032583,2.236571488,49.93962018,16.63684238,0.2678,1.74006416,1.196819779,0.578654107,0.254540227,0.210643134,0.133274561,0.497448007,4.293214205,0,-14.9889
9386900,1.213946612,3.004670459,0.307507544,2.475125701,32.7,1.595121951,35.28253,-108.55341,2341.65,37.39246,184.94,1.071942446,0.435135781,1.416654469,41.93966446,23.69916272,0.3012,1.014519004,0.497994545,0.414352941,0.09991604,0.058412195,0.048117598,0.218770459,3.739720779,0.164153093,-13.7243
9404450,1.350459959,3.862233224,0.42359994,2.859939088,26.9,1.601190476,37.33943,-112.60438,2070.41,56.22302,192.96,0.816666667,0.439684755,1.349384487,30.91058991,19.97966623,0.3323,1.19210412,0.710038819,0.448279769,0.150045992,0.178418784,0.132117049,0.780083947,1.31182832,0.52244766,-13.6472
9430500,1.29077755,3.449750732,0.139533552,2.672614451,26.4,1.665615142,33.06118,-108.53727,2227.36,58.13208,4804.93,3.619455943,0.435160843,1.299293515,36.9259333,26.03152379,0.4793,0.953463616,0.508049478,0.39922301,0.116776395,0.09013827,0.069832536,0.582299573,2.193725351,0,-12.6397
9430600,1.588898015,4.261386242,0.212871654,2.681975937,28.8,1.556756757,33.16673,-108.64978,2126.66,84.46138,190.52,0.647058824,0.422098586,1.743611103,48.5924221,27.97936242,0.7126,1.5529488,0.752624093,0.560348607,0.135674275,0.390909408,0.246025487,0.419680733,2.709749038,0,-12.6916
9447800,1.072425736,3.259460561,0.03948267,3.039334522,27.7,1.639053254,32.95562,-109.53119,1395.31,59.50706,781.96,5.637184116,0.449201624,0.639747498,20.78950118,33.88417782,0.1601,0.588618872,0.320768321,0.279558389,0.082797358,0.036189516,0.033745475,0.354762522,1.475638345,0.029189548,-12.4731
9480000,1.427419576,3.505478987,0.008279229,2.455815408,29.85,1.745614035,31.35538,-110.58953,1564.07,40.83588,213.38,11.32375979,0.43481443,1.314241474,41.14985479,28.81656075,0.1254,0.859927189,0.61117869,0.370239159,0.20054824,0.032469053,0.022746677,0.32129507,0.843780395,0.00154695,-12.3046
9484000,1.564503765,4.597359384,0.106460927,2.938541593,27.85,1.573446328,32.31674,-110.81037,1332.86,112.56283,103.65,0.737588652,0.437805724,1.643319599,23.51283222,9.401180135,0.4456,0.93172348,0.456109733,0.403068471,0.106079267,0.479876821,0.306727815,0.285503828,1.993415977,0,-14.0855
9484600,1.263404517,3.70382902,0.010148258,2.931625595,28.8,1.669565217,32.03591,-110.67758,1347.5,44.72847,1179.59,6.91719379,0.441451572,1.143141211,34.64011088,23.32917995,0.0621,0.649335259,0.410887939,0.306563001,0.140119513,0.01189519,0.009415187,0.222636357,1.610588424,0.057423151,-12.6202
9492400,1.775270363,3.331320643,0.271766262,1.876514537,26.55,1.701923077,33.82227,-109.81454,2468.99,65.37777,128.97,0.916666667,0.433098057,1.626352037,41.57827617,15.31614115,0.9911,2.269451935,1.19683471,0.725755839,0.212609329,0.582408715,0.328067615,0.650653527,1.685788178,0,-12.5
9494000,1.709345654,3.102372676,0.23555411,1.814947532,23.25,1.65480427,33.73644,-110.16677,2153.94,50.88758,1628.23,1.138095238,0.439357207,1.138247557,35.86926944,24.32071995,0.8391,1.74472716,0.889040897,0.604638908,0.169272153,0.24871626,0.145503783,0.631232211,2.303597778,0,-13.1224
9497800,1.527166324,4.127010294,0.083064194,2.702397393,25.25,1.598101266,33.84311,-110.55761,1646.91,61.28144,750.86,0.947809879,0.441439872,0.987841977,28.52445472,28.81578599,0.7996,0.948473839,0.490365033,0.393568823,0.088855708,0.136498129,0.089380002,0.543236763,2.265714492,0.090729259,-14.4479
9497980,1.642795346,3.537511266,0.079665051,2.153348727,25.85,1.657051282,33.82783,-110.85623,1655.39,72.42906,516.8,1.122476447,0.430015259,1.568887569,39.95293862,20.04846442,0.8725,1.174782144,0.538984863,0.460069784,0.096508141,0.133706785,0.0813898,0.406598772,2.400252221,0,-12.8268
9505200,1.675397673,3.540290787,0.262230386,2.113104754,26.5,1.661442006,34.67474,-111.67209,1847.24,48.94088,285.68,1.011709602,0.443314641,0.811406838,30.4826708,41.23595211,0.4805,1.108590694,0.505511035,0.463946177,0.114531289,0.244037098,0.145659208,0.407458788,1.890732346,0.037230483,-12.4769
9505350,1.595073238,3.300042834,0.198936493,2.068897375,26.85,1.688679245,34.72863,-111.77571,1736.94,47.8232,365.66,0.931226766,0.442338267,0.853413534,31.02189782,40.12479954,0.5015,1.236667533,0.508133436,0.491641925,0.098760097,0.235810064,0.147836512,0.237642142,2.36115763,0.042710111,-12.9241
9505800,1.766028747,3.250249021,0.284069099,1.84042815,25.25,1.706081081,34.53864,-111.69404,1865.1,48.53574,614.94,1.017660044,0.440043722,0.937940707,33.68635208,35.75886026,0.531,1.30856417,0.576308822,0.513905228,0.119506913,0.213708842,0.121010964,0.454506814,1.872019752,0.319065846,-12.2767
9508300,1.537049966,3.863441027,0.040118809,2.513542899,27.15,1.712933754,34.16087,-111.69292,1243.76,87.50629,93,0.793333333,0.428736112,1.902224197,36.86620973,15.28404658,0.5022,0.847720813,0.386848692,0.361133616,0.066989772,0.371954569,0.241992504,0.180175992,2.941331145,0,-13.7643
9510200,1.227353867,3.400826749,0.00612437,2.770860825,26.4,1.660377358,33.69421,-111.5418,1034.93,92.82902,425.31,1.146341463,0.420885675,2.448921144,37.07446711,10.42295691,0.158,0.772596805,0.33058073,0.353340069,0.066896015,0.151510203,0.123444596,0.255286921,2.411722326,0,-13.6381
9512280,1.181941136,3.458593388,0.00464207,2.926197661,25.8,1.659163987,33.88726,-111.95404,1040.23,77.535,188.71,0.855595668,0.416664467,2.292634924,35.40039398,13.3034411,0.1822,0.630700152,0.32312841,0.312485669,0.080862739,0.093870412,0.079420547,0.178043298,2.408878107,0,-13.1369
9513780,1.180094456,3.522148241,0.004256089,2.984632479,24.65,1.648829431,33.9742,-112.09905,939.06,66.19504,177.47,0.800724638,0.424488818,1.298254519,28.0466762,19.53834624,0.1114,0.595243333,0.289613758,0.29754716,0.08004083,0.159237637,0.134936349,0.154235348,2.940683058,0,-13.2672
10023000,1.550551677,2.642886612,0.548429474,1.704481477,23.3,1.366568915,41.60994,-111.25409,2257.51,44.67936,131.46,1.11440678,0.442035998,1.451170058,35.86340965,18.06276213,0.1959,1.028942409,0.766396997,0.404784567,0.212440899,0.213161129,0.137474379,0.834379584,1.960734832,0.085509027,-12.4788
10166430,1.364743326,2.694155291,0.225310323,1.97411135,24.2,1.315217391,40.40523,-112.1005,1578.7,56.14159,70.17,15.57333758,0.444093873,1.293017988,36.59350965,19.06941894,0.0328,0.617262707,0.43424946,0.24452795,0.104249651,0.114466141,0.08387375,0.613172554,2.901188274,0.073212893,-12.9477
10172700,1.385296372,2.895458166,0.411636242,2.090136251,26.6,1.453551913,39.97939,-112.38023,1853.47,46.97007,69.93,4.272289157,0.448490426,1.340605049,36.2949584,13.43441347,0.0017,0.679387483,0.402728086,0.312053011,0.112574447,0.118130342,0.085274418,0.875909039,1.031798451,0.043957852,-12.9729
10172800,1.943690623,3.446788337,0.472831239,1.773321482,24.7,1.403409091,40.49633,-112.5744,2085.87,135.90273,11.07,1.552,0.450120141,1.295483082,35.16330327,13.37288643,0.0366,1.169517045,0.807190128,0.442681684,0.185775681,1.368262312,0.703950668,0.723370945,1.489173367,0.187684505,-12.6177
10173450,1.679568789,3.068090335,0.638428592,1.826713116,25.7,1.576687117,37.62276,-112.51688,2638.59,56.1341,268.53,1.048165138,0.434476096,1.641007577,41.94800671,19.16462089,0.4463,1.030058482,0.594688891,0.405446033,0.128325499,0.413634717,0.246291829,0.580573692,1.815286503,0.024252649,-12.4998
10205030,1.646277892,4.057639055,0.58253576,2.464735192,23.65,1.268096515,38.91191,-111.53047,2489.29,76.20924,134.6,0.668085106,0.439350975,1.232751802,38.62420191,29.19637261,0.0326,1.46183893,1.153929456,0.52699981,0.29088975,0.251823952,0.152965641,0.702348479,1.613689347,0.460370319,-13.6006
10234500,1.779151266,3.672390801,0.632069679,2.064125109,26.9,1.434666667,38.28053,-112.56827,2498.74,95.20992,236.42,0.603878116,0.43453245,1.68895054,44.35817518,19.57411956,0.3513,1.545012782,0.866610148,0.557826857,0.158318702,0.477440099,0.26835273,0.701975058,1.88700871,0,-12.904
10242000,1.142453114,3.813684956,0.30427937,3.338154457,27.15,1.611275964,37.6722,-113.03467,2035.16,59.78876,208.69,12.41830295,0.437785647,1.423655071,29.66815042,17.52460212,0.1718,0.699187324,0.400489792,0.297948774,0.090844746,0.405114935,0.354600929,0.572981925,1.704902233,0.092511871,-13.3804
10244950,1.320299795,3.445962765,0.656356437,2.60998508,31.1,1.757062147,39.20154,-114.68916,2404.47,101.13866,28.2,0.653061224,0.444662339,1.49961675,37.02773746,16.48339425,0.0622,0.761098186,0.440934095,0.333888031,0.114812373,0.456546595,0.345790098,0.833999633,1.46696112,0.801314363,-12.461
10249300,0.644565366,3.356840383,0.312694991,5.207913052,29.65,1.572944297,38.88743,-117.24537,2256.43,98.85646,50.2,11.83495146,0.425096435,1.945199692,23.13923639,9.054378671,0.062,0.405882384,0.217840133,0.184261732,0.050106169,0.331078992,0.513646885,0.630473783,1.406304754,0.002454179,-13.0643
10258000,1.101367556,3.373830842,0.050845878,3.063310538,18.9,1.8,33.80502,-116.55918,1371.26,176.36676,43.69,3.8125,0.396539236,4.601672203,49.72498993,3.369113921,0.4365,0.7968847,0.305144585,0.376542705,0.085974146,0.282084155,0.256121722,0.614250876,1.631061766,0,-13.8264
10258500,0.822899384,3.141874196,0.004087316,3.818053892,16.7,1.739583333,33.74502,-116.53557,1329.18,116.14195,241.51,1.026315789,0.414375978,3.09697725,40.21440817,7.058189148,0.2855,0.543802987,0.240569636,0.264162732,0.039440576,0.047011115,0.057128631,0.298105911,1.669579621,0,-14.0221
10259000,1.048308008,3.133220616,0.0335249,2.988835906,18.55,1.758293839,33.76002,-116.55002,1233.96,169.65242,22.46,0.631578947,0.41281031,3.289279771,24.56888266,3.380879968,0.5081,0.82407184,0.324730424,0.367999885,0.060056005,0.287811269,0.274548383,0.717716628,0.897685382,0,-14.0366
10259200,0.657341547,3.130880342,0.002486526,4.762943035,14.55,1.682080925,33.63114,-116.39223,1139.91,154.44513,79.12,0.760869565,0.416071734,2.966060713,38.47689416,6.746075518,0.1369,0.367125359,0.154409913,0.194934002,0.028998293,0.06294891,0.095762866,0.270435475,1.570994574,0,-14.0277
10263500,1.322364134,3.137967953,0.09936055,2.372998384,18.35,1.747619048,34.42083,-117.83951,1651.45,132.2003,59.46,2.733480176,0.416589775,2.935446653,43.19574979,8.900940205,0.2769,0.649646537,0.257591173,0.300095188,0.043049377,0.761292809,0.575705881,0.671347586,1.741050518,0,-13.4066
10310500,1.471169062,3.929242806,0.498158072,2.670830231,25.65,1.78125,39.11324,-119.79824,1900.8,119.20887,39.49,0.72,0.383144553,5.716695722,44.60343277,3.259981946,0.7131,1.100565269,0.529556244,0.444829055,0.119226622,0.328792732,0.223490787,0.808386445,1.206247148,0,-14.0105
10316500,2.212016427,3.422651855,0.750536241,1.547299474,27.4,1.645645646,40.69076,-115.477,2490.13,132.10335,64.78,0.405228758,0.436025579,1.589398089,42.90193231,21.76463497,0.0123,0.990930157,0.804258314,0.393197423,0.238643782,1.688925817,0.76352318,0.511318498,1.689117844,0.913144494,-12.1935
10329500,1.359549624,3.418740999,0.47742589,2.514612884,28.4,1.427135678,41.53462,-117.41791,1755.66,66.83605,454.52,0.928136419,0.441098395,1.200439106,35.99050375,26.01819701,0.002,0.619647411,0.47207857,0.281571461,0.162486717,0.18143906,0.133455268,0.606473124,2.138848015,0,-12.6509
10336645,3.379605749,2.881164559,0.665304873,0.852514989,23.35,1.868,39.05185,-120.11852,2357.54,118.27441,19.6,1.95,0.40186113,4.255086134,65.91343979,7.05258402,0.7136,1.671151532,0.754224367,0.573118225,0.140509563,1.958225889,0.579424357,0.499948905,1.437052923,0,-13.6901
10336660,3.731182752,2.85939039,0.668727842,0.766349595,23.45,1.914285714,39.10741,-120.16214,2113.28,83.46391,29.8,0.791666667,0.417578061,2.902205475,58.66574998,11.08655591,0.7908,1.97301911,1.077660278,0.592740233,0.155014561,2.778326824,0.744623625,0.547357056,1.441652881,0,-12.9785
10336740,1.849790554,2.813277002,0.73824515,1.520862454,25.35,1.791519435,39.06658,-119.93546,2117.98,81.49106,5.54,0.833333333,0.387080137,4.321948097,41.74018258,2.075697851,0.8173,1.900318359,0.822022318,0.616412848,0.134778227,0.242687342,0.131197201,0.671765752,1.949868218,0,-13.8489
10343500,2.567891855,2.825938152,0.714981248,1.10048955,23.7,1.802281369,39.43157,-120.23798,2156.91,81.24778,27.6,1.195652174,0.427299415,2.181794407,50.85453345,14.83012928,0.899,2.072295962,0.964737584,0.668533953,0.163249837,0.952034579,0.370745589,0.589456386,1.888611081,0,-12.7079
10348850,2.507882272,2.947695469,0.829055332,1.175372346,23.6,1.829457364,39.35435,-119.85852,2041.6,136.2677,19.14,1.025641026,0.433329679,1.54288261,34.50046259,9.593340467,0.512,1.201953632,0.649418729,0.461687133,0.135573355,1.431771565,0.570908603,0.71987999,1.290308239,0,-13.2917
10396000,1.560339493,3.394634223,0.46548953,2.175574122,24,1.307901907,42.79083,-118.8675,1613.27,58.18941,528.89,2.317774936,0.449462638,0.784543375,28.50152265,36.17606429,0.0045,0.758705032,0.565572404,0.331167529,0.177819007,0.554648905,0.355466812,0.657176195,1.494742719,0,-12.5654
11098000,1.96570705,3.584672101,0.012301273,1.823604439,19.6,1.831775701,34.22223,-118.17757,595.39,109.96152,41.57,0.514285714,0.437624557,1.685044488,32.19061119,13.06104482,0.2925,2.088458793,1.037809493,0.622953579,0.069320132,0.660348121,0.335934147,0.40111737,2.032558347,0,-14.1
11124500,2.052190281,3.186565667,0.023038106,1.552763259,21.75,2.071428571,34.59666,-119.90875,679.8,87.84629,191.52,0.978798587,0.439067129,1.425260585,37.36425466,21.166709,0.7047,1.81201731,0.924783749,0.569211658,0.12242527,0.360269332,0.175553571,0.435499538,1.783522967,0,-14.8934
11141280,1.883665982,2.751562245,0.00078778,1.460748493,27.25,1.974637681,35.23553,-120.47239,292.35,60.28846,54.01,1.279069767,0.450335541,0.9406128,23.01074038,24.6419592,0.4501,2.766890604,1.679738435,0.682496786,0.146355929,0.439204105,0.233164536,0.595575628,1.809468934,0,-15.2
11143000,2.836767967,2.582940862,0.02543794,0.91052243,27.6,2.090909091,36.2458,-121.77329,764.03,138.61035,120.61,0.664804469,0.446124681,1.373253817,39.46634283,7.657060581,0.9458,3.256734772,1.529330657,0.739471333,0.054493405,2.022255676,0.712873136,0.532805115,1.898953626,0.015887961,-14.1348
11148900,2.288532512,2.756363847,0.003526795,1.204424159,26.8,1.963369963,35.78858,-121.09381,462.72,66.18997,403.45,0.991258741,0.439330097,1.339482101,38.30899331,18.98299645,0.425,1.837303185,1.051756252,0.551594639,0.117566782,0.996148249,0.435278172,0.302933869,2.126523283,0,-13.5833
11151300,1.332784394,3.644738303,0.00384039,2.734679606,24.55,1.82527881,36.26802,-121.0663,535.53,56.57053,608.23,2.299582463,0.452028204,0.808165566,22.72104297,31.57232797,0.1373,1.240151959,0.841795174,0.479237051,0.219741738,0.065997578,0.04951857,0.292396033,2.527361701,0,-14.7006
11162500,2.691979466,3.447232991,0.000200357,1.280556941,26.7,1.873684211,37.26078,-122.32886,349.51,68.54063,118.87,1.668478261,0.428712962,1.928368264,48.0484105,18.40440506,0.821,4.189347387,1.589931814,0.863071124,0.090630807,0.882342508,0.327767176,0.400732564,2.334436691,0,-15.0342
11176400,1.476209446,3.260671814,0.016307004,2.208813813,26.1,1.562874251,37.56132,-121.68384,701.12,78.77162,338.56,0.924124514,0.439479239,1.471253753,26.79490232,14.71668013,0.353,1.41991361,0.876165143,0.464354025,0.126927012,0.256928623,0.174046185,0.286166579,2.821360974,0,-14.531
11180500,1.488306639,2.709377933,0,1.820443356,26.55,1.758278146,37.60605,-122.02385,47.25,26.34814,24.32,5.860465116,0.453081566,0.992499846,29.45092737,27.29220936,0.0556,2.35431033,1.675668212,0.678677089,0.315978553,0.281478697,0.189126817,0.314548196,2.96927725,0,-14.9086
11180960,1.639290897,2.863708104,0,1.746918811,27.35,1.805280528,37.71771,-122.05441,130.05,33.1925,15.06,1.862068966,0.452502259,1.026110166,29.99734323,26.76084847,0.2117,2.618054603,1.673017006,0.724395301,0.254996534,0.470448732,0.286983069,0.339357258,2.602750823,0,-13.709
11224500,1.307091034,3.437484339,0.017898474,2.629873705,25,1.766784452,36.21468,-120.47071,658.03,69.9558,247.44,0.835390947,0.455133465,0.697858761,23.7525062,39.8383656,0.1452,1.093769191,0.678320717,0.429112189,0.164172214,0.064714771,0.049510531,0.340042327,4.213571045,0,-15.1345
11230500,2.018366872,3.157910828,0.90296368,1.564587128,25.9,1.786206897,37.33939,-118.97345,3020.86,151.16005,135.53,0.339534884,0.413825893,3.015279022,61.6309242,9.887013599,0.2787,0.506763753,0.259213956,0.220773465,0.066447428,1.719287266,0.85182099,0.580900152,1.060307076,0,-13.5155
11237500,2.928503765,2.94218308,0.749856961,1.004671094,27.45,1.91958042,37.19856,-119.21373,2201.22,104.67149,59.82,0.98,0.402894717,4.049219772,58.544802,8.214823099,0.8069,1.57688118,0.667834034,0.612876899,0.158618884,1.878415424,0.641424965,0.487675099,1.654297113,0,-13.9303
11253310,1.174001369,2.984370431,0.009070578,2.542050214,25.8,1.823321555,36.40217,-120.43349,802.17,88.1357,120.44,1.179775281,0.446812741,0.794688837,24.37143991,31.1730573,0.1202,0.863089734,0.525380659,0.390518712,0.163800572,0.066321594,0.056491922,0.376216707,2.755743467,0,-14.8424
11264500,2.640388775,3.047812293,0.906326926,1.154304367,26.8,2,37.73159,-119.55877,2632.87,131.06068,467.98,0.602545969,0.418921266,2.638090613,52.85876235,8.952673061,0.5769,0.793275741,0.402805024,0.332696201,0.089760599,1.940976631,0.735110166,0.564776791,1.260407001,0,-13.8776
11266500,2.735619439,3.084896715,0.885217452,1.127677582,26.75,1.945454545,37.71687,-119.66628,2512.58,140.1842,833.08,0.6256,0.41953272,2.704728774,44.98675697,8.297156146,0.6741,1.028778724,0.510030255,0.405997878,0.105055249,1.949224577,0.712534993,0.576039592,1.349111736,0,-13.0986
11274500,1.20644627,2.749829897,0,2.279280865,26.7,1.810169492,37.31549,-121.12521,377.44,54.47513,347.75,1.204488778,0.43691905,1.367724937,28.99708038,20.19775145,0.3051,1.27851851,0.829391046,0.4725598,0.190432145,0.12731076,0.105525429,0.230284232,3.71780478,0,-14.6138
11274630,1.259329227,2.750117413,0.00015001,2.183795432,27.5,1.676829268,37.4866,-121.2091,517.24,57.74649,187.44,1.199084668,0.437259888,1.30946644,29.55692514,22.02933566,0.2803,1.155591634,0.706883681,0.456835501,0.183679585,0.103055075,0.081833307,0.361504917,4.218503865,0,-14.4769
11284400,2.822433949,3.480214251,0.036504723,1.233054276,26,1.786941581,37.84187,-120.18491,897.33,52.40447,41.72,1,0.439576667,1.452105939,30.125,17,0.7577,2.071993288,0.609740607,0.672270178,0.076679462,0.53131247,0.188246202,0.264293311,2.309309687,0,-16.2416
11299600,2.068405202,3.492291157,0.000277967,1.688397976,25.65,1.628571429,37.96104,-120.6152,300.42,40.72756,37.32,0.970149254,0.464809286,0.952002349,19.84340583,15.69504391,0.041,1.814437865,1.113142023,0.581647928,0.207342615,0.632186776,0.305639715,0.258387529,2.582804072,0,-13.0108
11381500,3.450539357,3.453349295,0.16502613,1.000814348,24.85,1.59807074,40.0546,-122.02415,941.68,70.5575,337.63,1.117001828,0.434465235,1.630703023,43.95066764,20.14496501,0.589,2.010597741,1.007779075,0.620595649,0.171160929,2.213013706,0.641352982,0.688655305,1.102041821,0,-12.5354
11383500,3.527906913,3.731745886,0.150145743,1.057779011,25.45,1.595611285,40.01405,-121.94832,1053.56,75.72221,539.78,0.981927711,0.43650076,1.447220249,42.18030307,22.5430865,0.6998,2.363624063,1.150370212,0.700928505,0.174430122,1.479163608,0.419275124,0.625815377,1.546297679,0,-12.5133
11451100,2.961471595,2.590331554,0.123536359,0.874677157,27,1.963636364,39.16545,-122.61999,740.46,103.93357,155.09,0.906122449,0.434158028,1.765217939,41.3658798,17.46438994,0.8707,2.214123649,1.149494889,0.636207011,0.094511269,1.814664065,0.612757545,0.396907333,1.871239917,0,-15.1688
11468500,3.582882957,2.717162409,0.000524205,0.758373199,25.85,1.651757188,39.42822,-123.73779,276.08,45.14956,273.51,1.666666667,0.43963913,1.321606182,39.05198546,26.77581229,1,4.763058627,1.776577693,0.912422452,0.080476063,1.782063933,0.497382682,0.389544708,1.988214096,0,-15.1829
11473900,3.65355373,2.797847912,0.262478357,0.765788084,26.65,1.883392226,39.70627,-123.32529,1037.85,126.70666,1925.01,1.994949495,0.435755723,1.59367624,36.52148904,17.62286811,0.9609,2.633486911,1.408469392,0.701223891,0.139687407,1.842948936,0.504426395,0.49146535,1.637187455,0,-14.6914
11475560,5.166086242,3.067142793,0.138629338,0.593707238,27.05,1.846416382,39.7296,-123.64391,592.58,90.33273,16.79,1.064516129,0.432678904,1.689090477,45.12528838,22.27888198,0.9922,5.344110879,2.124452827,0.909561799,0.064044846,3.644828751,0.705529985,0.442188491,1.415628329,0,-15.2
11476600,4.834184805,2.326307529,0.012010629,0.481220231,24.95,1.604501608,40.35125,-124.00393,478.69,94.52911,71.85,1.025641026,0.437685,1.387032438,40.5,26.5,0.9966,4.941387378,2.01571371,0.888979937,0.087992465,3.575647126,0.739658758,0.445604037,1.548019166,0,-15.2
11478500,4.551620808,2.721153621,0.157314421,0.597842776,24.35,1.656462585,40.48042,-123.89088,757.76,122.52826,572.38,1.03190319,0.434027869,1.531600721,40.68379974,23.44183661,0.9953,3.819287132,2.051462903,0.806710851,0.126603663,3.407381316,0.748608344,0.431323144,1.287576153,0,-15.1451
11480390,3.998996578,3.427862971,0.299512506,0.857180771,24.75,1.683673469,40.28431,-123.3353,1049.64,76.61899,242.6,1,0.432122369,1.613359895,39.75847208,21.6811126,0.9744,3.816893779,1.903007996,0.826250442,0.113354513,2.291623732,0.573049686,0.408522376,1.912620245,0,-15.1593
11481200,4.363130732,2.368986448,0.001636826,0.542955642,21.7,1.583941606,41.01096,-124.08173,285.23,71.42838,105.4,1.304597701,0.448015162,0.88799073,30.18360303,36.40524497,0.9378,4.823457552,1.493386893,0.915706668,0.111697977,2.958830945,0.678144004,0.4433722,1.435321474,0,-14.7976
11482500,4.579976728,2.517791595,0.013181204,0.549738949,21.4,1.602996255,41.29929,-124.05118,546.99,114.46463,718.04,1.151041667,0.442695979,1.059335162,34.65065608,32.32081403,0.983,4.51387744,1.797108084,0.874256561,0.100323023,3.124262433,0.682156836,0.501222332,1.193649154,0,-14.4222
11522500,3.135530459,3.258590691,0.249129777,1.039247022,22.7,1.570934256,41.37763,-123.47756,1279.3,152.80074,1943.12,0.636304063,0.427086974,2.137563467,50.74303476,14.54277495,0.9907,3.610957937,2.056403305,0.81225611,0.185545621,2.176660664,0.694192161,0.649928968,1.476078987,0.002438071,-14.935
11523200,2.932422998,2.561795551,0.431707152,0.87361051,23.9,1.659722222,41.11126,-122.70558,1614.41,139.34749,382.94,0.658496732,0.433744753,1.297120998,42.85798213,26.9241932,0.98,2.026642558,0.909522552,0.689249814,0.196088852,2.652417314,0.904513884,0.587634313,1.323194355,0,-14.0749
11528700,3.706082136,3.58440768,0.271305322,0.96716898,23.95,1.575657895,40.64986,-123.4942,1019.07,107.62195,1980.08,1.032594524,0.429199596,1.830850058,47.70967833,18.7739332,0.9905,3.425244949,1.668729639,0.813362585,0.127174131,1.585692027,0.427862084,0.55109633,1.886823866,0,-15.5936
11532500,5.584642026,2.320768871,0.048535377,0.415562691,20.65,1.570342205,41.7915,-124.07619,725.07,112.11076,1577.96,0.937226857,0.439131726,1.296384901,39.28599349,26.6093761,0.9993,3.628138862,1.575516218,0.81410272,0.116730443,5.391817363,0.965472333,0.527081345,1.385016982,0,-14.8472
12010000,7.927942505,1.967120903,0.023636236,0.248125021,9.35,1.316901408,46.37399,-123.74348,145.18,47.2961,142.18,1.190283401,0.463452366,0.883729662,22.72036323,21.04582946,0.9981,4.329236721,2.369539725,0.860577261,0.133434079,7.196870167,0.907785363,0.504302692,1.191309554,0,-13.8104
12013500,6.874937714,2.116710445,0.017415676,0.307887945,11.35,1.375757576,46.65093,-123.65266,309.17,61.57144,337.69,2.081355932,0.46419788,0.952639389,19.73213826,14.67590679,0.9896,4.980796313,2.745457927,0.880342964,0.126687736,4.651821635,0.676634732,0.500324304,1.392237474,0,-14.0964
12020000,7.499240246,2.739657084,0.043553397,0.365324619,7.9,1.362068966,46.61732,-123.27764,435.98,74.62586,294.22,1.293203883,0.452551201,1.155096571,31.77490543,19.80657678,0.9964,4.401553492,2.592354953,0.861865065,0.139502908,4.936729354,0.658297266,0.469715865,1.658529695,0,-13.3701
12025000,4.707979466,2.094823299,0.029592528,0.444951664,10.5,1.578947368,46.6201,-122.94513,236.88,33.69605,404.9,6.793828892,0.459413284,0.874675722,25.26022993,25.60836327,0.8617,4.977505839,3.118564143,0.871181521,0.177770162,3.191925948,0.67798213,0.538072649,1.226360402,0,-13.2353
12025700,5.091245722,2.046402765,0.090576757,0.401945394,10.05,1.546153846,46.7726,-122.59401,556.37,73.37022,103.3,1.005434783,0.452007285,1.144965489,30.91786189,19.25876142,0.8684,4.303089715,2.622031917,0.863014589,0.163744058,4.835436917,0.949755164,0.550484187,0.925136376,0,-12.6954
12035000,6.987945243,1.980268556,0.022021888,0.283383525,13.15,1.584337349,47.00065,-123.49488,149.3,29.3479,769.9,9.198956781,0.456532514,1.095503718,25.28522425,15.86428511,0.9705,4.931351569,2.722019362,0.882434092,0.132442871,6.754326055,0.966568257,0.563503086,1.213166792,0,-13.274
12040500,8.15461191,1.899096482,0.067091784,0.232886188,12.1,1.367231638,47.53786,-124.31575,437.01,96.58146,1153.44,2.581521739,0.441133615,1.419023483,37.53469787,16.85925544,0.9969,3.750003499,2.282353485,0.82580404,0.16979589,9.688438106,1.188093095,0.515538191,1.019349292,0,-14.5632
12041200,7.785315537,2.411857358,0.179574105,0.30979571,12.1,1.398843931,47.80675,-124.25103,754,127.74358,655.8,1.66897747,0.437276084,1.639452392,39.38446028,14.97528973,0.9733,3.468322663,2.305980935,0.75602678,0.208556457,9.585256428,1.231196909,0.621794812,0.526821718,0,-14.9632
12043000,8.284583162,2.250007584,0.070641261,0.271589715,12.1,1.351955307,47.96008,-124.39299,378.73,72.9688,337.19,1.928802589,0.439417879,1.593168074,40.67150966,17.21005829,1,3.963418257,2.481134255,0.844473155,0.160246292,7.824881528,0.944511193,0.502142113,0.862695109,0,-14.9904
12048000,4.775126626,2.517966078,0.498197653,0.527308755,17.25,1.699507389,48.01426,-123.13268,1263.46,183.83774,405.01,0.801925722,0.433429072,1.903989791,45.43717264,15.55975938,0.9881,3.125671426,2.274284588,0.734066146,0.246331124,2.334859562,0.488962858,0.679331035,0.928180245,0,-13.4373
12054000,5.714731006,2.729507337,0.379149578,0.477626564,16.5,1.755319149,47.68398,-123.01155,776.86,174.79018,171.68,0.907407407,0.442982078,1.488194468,39.25253686,16.971133,0.9947,3.438601086,2.472357762,0.785712525,0.297136933,5.900400406,1.032489613,0.600842658,1.078077521,0,-14.0037
12056500,6.994711841,1.997105681,0.338574932,0.285516505,14.3,1.765432099,47.51426,-123.32989,775.17,160.23749,146.97,0.83269962,0.439554141,1.636340533,41.66161551,16.99017477,1,3.683826258,2.727740702,0.834532808,0.310193882,8.70475811,1.244477015,0.578409968,0.75707124,0,-14.6086
12073500,4.009470226,2.85625885,0.015601666,0.712378117,16.2,1.714285714,47.38926,-122.69902,42.92,16.48391,15.67,16.64516129,0.41989,2.790563872,30.33333348,6.266666698,1,3.874634873,2.438556286,0.859942939,0.180004383,1.697689843,0.42341999,0.655808946,1.621029905,0,-14.6204
12082500,7.061638604,2.96230987,0.398786514,0.41949327,12.1,1.49382716,46.75261,-122.08372,1036.22,122.55748,350,1.348184818,0.413648143,2.843660896,59.06267109,10.09820918,0.9312,3.458351371,2.214768418,0.77539181,0.225406412,5.488328976,0.777203321,0.694123791,0.915336126,0,-12.8654
12092000,7.274495551,2.076759576,0.513670726,0.285485029,10.8,1.576642336,46.90372,-122.03511,1330.94,172.20201,240.88,0.916876574,0.404757291,3.464365483,68.10297051,9.001312292,0.9239,3.148018742,2.105679027,0.723508141,0.212091888,5.419860161,0.745049622,0.694986625,0.477865776,0,-13.0903
12095000,4.560746064,2.47970026,0.078232094,0.543704961,10.7,1.486111111,47.13955,-122.09261,757.39,103.55868,205.84,3.172749392,0.424768484,2.267968808,37.68442295,9.91534111,0.9717,4.37782293,2.620155492,0.867640446,0.174008596,2.658635679,0.582938765,0.604888472,1.103442715,0,-13.3475
12114500,7.241880903,1.979204531,0.406517039,0.27329979,13.1,1.408602151,47.34205,-121.54899,852.5,129.6111,66.56,0.739495798,0.426387045,2.327553371,29.55284372,6.413072835,0.9922,4.354055335,2.907108136,0.884479127,0.288637269,5.760603649,0.795456833,0.5957048,1.076140985,0,-12.5613
12115000,7.206737851,1.977674114,0.338944352,0.274420154,12.5,1.436781609,47.37011,-121.6251,900.07,130.41888,102.8,0.801980198,0.427385729,2.276162098,28.89861491,6.540679852,0.9948,4.282541702,2.862109036,0.877436605,0.276965695,5.862041322,0.813411205,0.589704442,1.102682337,0,-12.7347
12115500,7.160358658,1.957230979,0.266126797,0.27334259,11.8,1.43030303,47.35066,-121.66316,752.9,132.31418,34.72,0.909090909,0.432325645,2.101333155,25.52806955,6.78323668,0.9922,3.518422232,2.030353344,0.82285748,0.203609151,6.798079828,0.949404932,0.530137027,1.23460866,0,-12.5195
12117000,6.508854209,1.991564572,0.125199433,0.305977751,10.1,1.496296296,47.38649,-121.84622,640.53,116.02529,44.85,1.743902439,0.430966118,2.043780623,36.74992987,11.04676052,1,3.535597299,1.870145389,0.840820698,0.140243337,5.10860003,0.784869328,0.697622836,1.278876145,0,-13.2653
12141300,7.935530459,2.02937024,0.346348439,0.255732147,10.7,1.407894737,47.48594,-121.64788,1068.4,165.09819,401.51,0.652719665,0.415077018,2.916349439,30.83485582,4.718067456,0.9816,3.218603324,2.290067862,0.777077693,0.278885827,7.497149914,0.938217639,0.565110818,0.99295697,0,-14.0366
12143600,7.623430527,2.081618097,0.311622046,0.273055298,12,1.420118343,47.4526,-121.71788,981.21,118.4332,165.01,0.767676768,0.41137542,3.126452894,41.46906617,6.656145299,0.9978,3.763126172,2.649121781,0.836027813,0.280505385,6.518953101,0.855120681,0.578420738,1.122146342,0,-13.7298
12144000,7.21094319,2.211670226,0.220551546,0.306710255,11.85,1.445121951,47.49288,-121.79011,881,132.22826,210.11,2.093264249,0.414642202,2.861218604,43.12318621,8.162800773,0.9983,3.786151445,2.594438863,0.834496324,0.256613834,6.442570806,0.893443567,0.649029351,0.997026998,0,-13.597
12145500,5.713550992,2.135345284,0.044854638,0.373733478,10.3,1.560606061,47.53982,-121.909,411.9,86.37572,78.98,2.012987013,0.43817876,1.714713542,24.18732373,9.136715814,1,4.066880721,2.578001269,0.855451363,0.173084594,3.902000506,0.682937898,0.516595313,1.333410482,0,-14.2285
12147500,7.993348392,1.957544052,0.159041201,0.244896626,9.7,1.437037037,47.71232,-121.78873,601.12,112.82134,102.89,1.145833333,0.430934885,2.081236422,31.71658122,8.956493763,1,3.769460545,2.346485137,0.849293084,0.230039275,8.30180161,1.038588737,0.627931121,0.72317264,0,-12.5153
12147600,8.792442163,1.936830198,0.274033031,0.22028353,9.65,1.440298507,47.70677,-121.60011,1067.53,159.37456,14.13,0.633333333,0.419589183,2.606149153,34.24251386,6.227956737,1,3.901877845,2.864723809,0.856914171,0.318726767,9.503108088,1.080826909,0.468625415,0.880914905,0,-13.3421
12167000,6.721185489,1.953579699,0.131187745,0.290659989,8.3,1.443478261,48.26149,-122.04764,480.5,126.68987,683.75,1.411092985,0.434286947,1.968687853,25.7504381,7.5031994,0.9896,3.921510178,2.359634563,0.837400662,0.196203101,6.824027831,1.015301221,0.586394518,1.171380666,0,-14.2882
12175500,5.461752225,2.188631896,0.690360443,0.400719734,13.75,1.71875,48.67263,-121.0729,1538.75,245.56131,273.82,0.483801296,0.428234123,2.331710971,15.59471751,3.832797438,0.7897,1.992663461,1.497344198,0.538850128,0.231128383,5.718302442,1.046972145,0.671256031,0.456283207,0,-13.8877
12178100,6.095322382,2.008130856,0.529566888,0.329454413,13,1.688311688,48.65596,-121.23846,1305.01,255.6884,69.68,0.537313433,0.428955521,2.29747494,18.23015347,4.441632611,0.9211,2.844251329,2.121095127,0.722009449,0.297828462,6.263013527,1.027511448,0.617976602,0.985291193,0,-14.0773
12186000,6.491310062,1.997448309,0.435652192,0.307711123,10.8,1.411764706,48.16872,-121.47067,1226.29,172.55716,398.44,0.566011236,0.429182585,2.274324069,19.26928646,4.750623161,0.9801,3.158314104,2.364556339,0.770550823,0.307664107,6.77252843,1.043322283,0.611301182,0.998459662,0,-13.9296
12189500,5.899932923,2.030547091,0.457875715,0.344164437,11.4,1.52,48.42456,-121.56846,1206.01,197.12231,1855.32,0.907344283,0.428301586,2.303738321,19.84792783,4.703322637,0.9465,3.179640932,2.273437927,0.759429531,0.27227627,5.7804417,0.97974702,0.662259705,0.87335606,0,-13.8887
12358500,3.330401095,2.218182683,0.558849304,0.666040702,9.9,1.346938776,48.49524,-114.01012,1559.24,106.51262,2939.19,0.700782779,0.431164335,1.881549613,47.51069012,15.78298463,0.7376,2.467720092,1.850589326,0.68186494,0.290454496,2.338707154,0.702229878,0.613435019,1.148279638,0.153544319,-14.155
12374250,2.24356742,2.395137632,0.439806312,1.067557681,12.75,1.287878788,47.82966,-114.69763,1379.76,104.39721,50.79,1.171717172,0.431657452,1.94167233,47.68792856,15.20456592,0.7973,2.878021182,1.934296552,0.757323039,0.20397389,0.394046551,0.175633924,0.642851423,1.64509688,0,-16.4943
12375900,3.434537988,2.390619671,0.606515527,0.696052768,11.8,1.268817204,47.4916,-114.02677,1528.13,159.41846,19.72,0.527777778,0.43877348,1.558313656,41.50830598,19.68844634,0.6827,2.411658519,1.787353293,0.696930233,0.332312117,2.411443129,0.702115725,0.666904997,0.904281929,0.287532873,-15.8662
12377150,4.042540726,2.47127117,0.719886654,0.611316333,10.1,1.383561644,47.32299,-113.97955,1512.07,129.5993,32.18,0.372881356,0.443187719,1.397237836,37.9446571,21.43477812,0.8676,1.515738033,1.122313129,0.467637915,0.228698974,3.678375209,0.909916673,0.640850259,0.613559516,0.905369768,-12.2303
12381400,2.997418207,2.916818275,0.594005153,0.973110215,12.6,1.266331658,47.19549,-113.85065,1876.96,102.16577,150.95,0.621722846,0.450242678,1.342522195,34.91934886,13.97796291,0.9605,2.880493014,2.066943642,0.758846167,0.266326282,0.961071155,0.320632988,0.618881439,0.323902566,0.12669967,-12.2586
12383500,3.094845996,2.629167967,0.612621722,0.849531114,12.9,1.316326531,47.14743,-113.97427,2041.03,116.4248,17.67,0.411764706,0.432463243,1.944334572,48.1457118,11.26985576,0.9867,2.53491337,1.876436022,0.703465629,0.277997875,1.420220753,0.458898683,0.787896761,0.318664238,0.531704687,-12.3304
12388400,2.370477755,2.997877645,0.468572458,1.264672338,15.05,1.393518519,47.26632,-114.40679,1636.58,117.08559,60.84,0.776978417,0.43093004,1.918519756,48.55181316,13.85509416,0.9585,2.267728631,1.59438105,0.673220737,0.227222424,0.738335515,0.311471185,0.601077925,0.986386283,0,-13.6155
12390700,3.035069131,2.887215537,0.51948701,0.951284934,13.8,1.422680412,47.58605,-115.35515,1415.22,115.21011,470.23,0.729040097,0.430873555,2.04274169,48.36416424,12.07782448,0.9955,3.310984178,2.336476878,0.802053401,0.24064921,1.131198997,0.372709467,0.652728382,1.716312883,0,-16.1985
12411000,3.406193018,2.165738056,0.464485513,0.635823644,13.65,1.414507772,47.70611,-115.97917,1145.85,92.51232,867.48,0.616240995,0.443925175,1.46513291,40.2043094,10.72881607,0.9917,4.103794614,2.830431531,0.868269479,0.256108159,1.908859675,0.560408545,0.572052388,1.443501631,0,-16.3855
12414500,3.662435318,2.325067201,0.549797433,0.634841847,14.3,1.401960784,47.27464,-116.18905,1381.41,104.37793,2678.97,0.642018269,0.447707937,1.364241522,37.04974689,11.31273625,0.9997,4.037684889,2.93014359,0.857496418,0.290844548,2.073838978,0.566245899,0.631105322,1.341920814,0,-15.0861
12447390,2.559075975,2.188393744,0.777311498,0.85514997,18.95,1.572614108,48.82292,-120.14592,1700.98,172.58264,58.1,0.472727273,0.434459725,1.826957236,45.32336054,16.70568495,0.9643,1.199952886,0.789051458,0.489432535,0.180429429,1.365544023,0.533608238,0.534019978,0.866057454,0,-14.1
12451000,4.47540178,2.136600287,0.716767081,0.477409715,14.85,1.579787234,48.32958,-120.69177,1509.63,226.8667,830.6,0.481203008,0.421234934,2.760563565,31.42664406,5.349053776,0.8163,1.977919785,1.513266654,0.582522177,0.265615055,4.193446791,0.936998955,0.660177145,0.926749954,0,-13.9986
12488500,4.745980835,2.187247502,0.641918995,0.460863113,16.2,1.542857143,46.97762,-121.1687,1452.54,143.91948,205.17,0.64738292,0.409590003,3.192584833,58.10268708,7.879089288,0.9985,2.381214011,1.744260118,0.706262912,0.280095118,2.721310688,0.573392684,0.635058084,1.367065495,0,-12.8344
13011500,2.433982204,2.699141561,0.658713268,1.108940549,15.35,1.29535865,43.85028,-110.51778,2400.71,78.5195,404.08,1.855639098,0.431764864,1.836266397,46.71264243,18.65725228,0.8122,1.81084589,1.370238631,0.605658451,0.308239819,1.627309308,0.668578967,0.518726088,1.491635121,0.070533727,-12.9643
13011900,2.383326489,2.720934141,0.704607069,1.141653967,13.8,1.266055046,43.83806,-110.44111,2683.38,93.91466,851.8,1.04516129,0.425322754,2.166239712,51.7628746,16.67213239,0.7746,1.574373206,1.154187117,0.539832883,0.247726856,1.469535617,0.616590142,0.615790975,1.294477198,0.118389408,-13.6286
13018300,2.228989733,3.33278308,0.657118537,1.495198937,18.15,1.44047619,43.45215,-110.70409,2197.93,109.51895,27.9,0.68627451,0.4345629,1.786782894,25.18228708,10.73916421,0.8095,2.309625398,1.835867904,0.692228679,0.347739287,1.000692787,0.448944548,0.688057612,1.406787724,0.303307717,-13.0981
13023000,2.357442847,3.077620917,0.646858625,1.305491211,16.6,1.307086614,43.14278,-110.97667,2441.62,98.50956,1161.93,0.705352411,0.437135639,1.647021425,41.62666169,17.91177254,0.6753,1.873641575,1.409807012,0.611180656,0.287211109,1.242942666,0.527241909,0.707864369,1.173679143,0.216480807,-14.127
13083000,1.542395619,3.250476003,0.487107711,2.107420406,25.35,1.428169014,42.16583,-113.98361,1862.77,69.12091,133.18,1.037414966,0.447840636,1.091486782,33.51681946,25.85264946,0.0079,1.055002013,0.811150974,0.428496491,0.232974884,0.247989457,0.160782003,0.837021667,0.764919511,0.020303889,-13.5201
13161500,1.370109514,2.559877714,0.518679342,1.868374526,23.95,1.400584795,41.93324,-115.67453,2059.26,59.95146,986.13,2.537048765,0.435238373,1.333624052,35.9633611,22.74050949,0.0336,0.821447128,0.638787821,0.354673804,0.218202955,0.222196977,0.162174611,0.608499922,2.08858662,0.026827158,-13.2545
13235000,2.566986995,2.68358104,0.677895076,1.045420583,21.25,1.551094891,44.08528,-115.62222,2075.34,126.24587,1163.23,0.440083726,0.422665523,2.043770957,55.45535694,6.386315281,0.8604,1.435938241,0.995221403,0.514688061,0.208678314,1.659956129,0.646655449,0.700849219,1.298637653,0,-14.0367
13240000,3.257249829,2.438609747,0.726533472,0.748671387,20.05,1.597609562,44.91361,-115.99722,1965.35,110.07567,125.57,0.443925234,0.3982161,4.626315243,64.26707726,6.410011487,0.8066,1.877883537,1.345297795,0.596303423,0.246180596,2.579808393,0.792020425,0.530890497,1.273825426,0,-14.1047
13310700,3.047281314,2.745451061,0.659423757,0.900950972,19.9,1.644628099,44.98694,-115.725,1979.98,106.69118,853.13,0.715384615,0.416133238,2.532206016,60.43834147,7.485182426,0.9654,1.891395222,1.263688931,0.622701171,0.205221897,1.404034903,0.460750012,0.621745886,1.588798226,0,-14.0186
13313000,3.630479124,2.861129843,0.74453605,0.78808602,20.2,1.74137931,44.96167,-115.5,2155.6,111.17973,561.94,1.146808511,0.4677346,0.930153994,25.41861671,3.164768491,0.9807,1.712935564,1.12026993,0.600738448,0.200501503,1.41373884,0.389408338,0.573368356,1.430265118,0,-13.9304
13331500,2.751913758,2.245585229,0.557880945,0.816008577,14.3,1.271111111,45.61987,-117.72659,1654.85,126.58633,618.93,0.571157495,0.464533825,0.90290201,23.05758804,20.87675761,0.6378,2.156933463,1.494318779,0.642674851,0.21937968,1.74240932,0.633162764,0.622529155,1.118655138,0,-13.1838
13337000,3.588317591,2.329419329,0.564570326,0.649167547,11.9,1.36,46.15083,-115.58722,1548.18,120.82851,3053.42,0.625455942,0.446817295,1.39131611,32.41075194,8.624815149,0.9726,3.464977366,2.544980849,0.799287303,0.297921204,2.158771424,0.601611025,0.615920899,1.159293609,0,-14.0656
13338500,2.325842574,2.255713306,0.360817479,0.969847801,11.65,1.245989305,46.08639,-115.97667,1418.36,110.2649,3027,0.870519099,0.474240369,0.786380007,17.63423219,12.30841143,0.8078,3.271542595,2.393961804,0.781083469,0.287994832,0.726261972,0.312257579,0.652413736,1.618504324,0,-13.7088
13340000,2.943639973,2.337129391,0.455800484,0.79395898,9.7,1.366197183,46.47833,-116.2575,1457.99,113.85035,14268.92,1.077198236,0.458446946,1.041352576,27.07336083,12.23180145,0.8441,3.208260487,2.328553205,0.768382833,0.285570663,1.453187159,0.493670141,0.635650457,1.288079074,0,-13.7311
13340600,3.774498289,2.267266598,0.557400052,0.600680256,13.75,1.334951456,46.84047,-115.6207,1417.79,109.15233,3354.62,0.649790503,0.447284511,1.415448207,32.40623547,10.28418105,0.998,3.971995908,2.936631449,0.852585518,0.316486242,2.442704025,0.647159924,0.661433024,1.142151395,0,-14.101
14020000,2.636720055,2.280494962,0.355358222,0.864898402,18.95,1.516,45.71958,-118.32329,1215.85,91.6649,341.43,0.634188034,0.463549695,0.946759463,24.23302972,19.02541345,0.8556,2.502503912,1.790968659,0.707012508,0.24982513,1.643894525,0.623461911,0.61004593,1.14734159,0,-12.5
14092750,4.591379877,3.071489199,0.535953009,0.66896865,15.3,1.553299492,44.75039,-121.6334,1597.68,155.84779,57.48,1.061946903,0.421887715,2.630743743,55.39763921,12.0206419,0.9807,2.933168036,1.922544187,0.757176131,0.226089301,3.271136753,0.712451777,0.708062366,1.08577065,0,-12.1067
14096850,2.54768104,2.915030637,0.244750228,1.144189791,18.85,1.444444444,44.95873,-121.39423,958.51,46.78135,374.62,3.61221374,0.434422525,1.635141054,43.43861915,18.04219892,0.4959,2.404804068,1.285677187,0.645244433,0.133585946,0.53908664,0.211598953,0.739990756,1.496422728,0,-12.6426
14137000,6.303509925,2.027274168,0.324496375,0.321610371,12.5,1.506024096,45.39956,-122.13731,1054.8,110.72043,674.24,1.021164021,0.437413889,1.649095744,43.20352999,16.85702274,0.9887,4.21136871,2.659318519,0.860333012,0.210272765,4.727427015,0.74996741,0.659920814,0.99449423,0,-12.7777
14138800,7.729750856,2.094344914,0.317266212,0.270945979,12.55,1.512048193,45.45262,-121.89147,821.62,142.23871,21.29,0.897435897,0.443124776,1.554158521,39.28516556,16.46023958,1,4.076338434,2.393817313,0.870552472,0.201933559,6.51073552,0.84229565,0.457869584,1.092870736,0,-12.0854
14138870,8.402052019,2.114479411,0.229049355,0.251662261,10.9,1.397435897,45.48012,-122.02564,727.8,122.18566,14.02,1.034482759,0.437818583,1.694505176,43.06010114,16.31371176,1,4.674473407,3.344279523,0.901791204,0.249967164,6.038185837,0.718656088,0.530502546,0.895483856,0,-12.498
14138900,8.936885695,2.128633648,0.221358389,0.238185171,10.5,1.468531469,45.49429,-122.03592,757.32,93.62395,21.68,1.024390244,0.4446654,1.450305015,37.74509971,18.20691409,1,4.848312948,3.019830534,0.908449793,0.188340554,8.045371546,0.900243309,0.557560785,1.069642454,0,-12.5123
14139800,7.930425736,2.114452293,0.183197956,0.266625319,11.15,1.39375,45.44456,-122.10953,641,126.93213,40.7,1.179487179,0.444192842,1.473752636,38.19687116,17.75027159,0.9977,4.251597887,2.680095337,0.875929113,0.184739894,6.803137079,0.857852694,0.541764926,0.93265478,0,-12.184
14141500,7.403030801,2.152468693,0.142882265,0.290755064,11.4,1.390243902,45.4154,-122.17148,652.09,96.70294,59.87,1.00952381,0.446163367,1.40257106,36.6488358,18.36563747,1,4.219497465,2.55482202,0.872327644,0.171230371,5.604440267,0.757046731,0.562321473,0.829073107,0,-12.9441
14154500,4.625115674,2.256202697,0.13555071,0.48781541,12.85,1.427777778,43.73596,-122.8734,922.47,108.84718,546.81,0.893569845,0.450224606,0.832891595,29.98827847,32.95145686,1,4.490979457,2.497166957,0.894261163,0.15358341,2.510963352,0.542897417,0.499690114,1.462180388,0,-13.7224
14158500,5.798239562,2.244881615,0.365169961,0.387166068,14.55,1.54787234,44.36095,-121.99562,1175.75,91.15405,237.08,0.980861244,0.4365441,1.772737778,44.27136413,15.10962839,0.9963,3.741928778,2.34066391,0.81272914,0.218761149,4.47245839,0.771347638,0.820739406,1.102298703,0,-12.4213
14158790,6.077693361,2.193338645,0.36505663,0.3608834,14.15,1.546448087,44.33457,-122.04701,1026.81,116.44111,40.57,0.850746269,0.439473952,1.670822119,42.00470941,15.8901638,1,4.721813621,3.198190756,0.895469721,0.286000498,5.184503281,0.853037982,0.526836882,1.409138197,0,-12.5
14166500,5.050238193,3.069184627,0.010676301,0.607730667,13.9,1.770700637,44.04984,-123.42621,249.51,35.95163,226.52,1.488778055,0.464921694,0.533314628,17.35008078,41.73294829,0.903,4.516215857,2.608632959,0.867049381,0.135618777,2.37726903,0.47072414,0.545077016,2.067529655,0,-14.2774
14182500,6.217782341,2.169523012,0.146759311,0.348922315,11.75,1.525974026,44.79151,-122.57897,719.95,106.83309,286.85,1.018292683,0.444697285,1.143245984,36.31472177,23.60754077,1,4.658304635,2.758586636,0.894381788,0.193598407,5.907253071,0.950057874,0.532583088,1.176517311,0,-12.5041
14185000,5.711660507,2.215885229,0.178107252,0.387958148,12.5,1.533742331,44.39179,-122.49758,977.23,116.24834,458.18,1.00132626,0.447822355,0.999746455,33.28637753,26.7864553,1,4.30366318,2.405967919,0.885869912,0.172771263,4.277256898,0.748863994,0.552044302,1.375660211,0,-12.8911
14185900,6.60820397,2.203579658,0.187297519,0.333461205,13.2,1.681528662,44.54012,-122.43591,823.79,121.31898,258.2,0.943052392,0.444705644,1.30428894,36.63809663,22.34664551,1,4.731131981,2.864702208,0.900979177,0.19057688,6.001348115,0.908166295,0.509255655,1.361834171,0,-12.5709
14187000,5.356093087,2.213853758,0.089519417,0.413333697,12.35,1.452941176,44.37235,-122.62314,794.8,114.68442,134.75,1.025423729,0.450316295,0.846988986,30.17498402,31.98710225,1,4.290817751,2.197701028,0.866481418,0.135645228,3.480939216,0.649902673,0.522204575,1.622395825,0,-12.7001
14216500,7.312424367,2.058570103,0.295816184,0.281516772,15.4,1.45971564,46.07567,-121.9987,824.9,115.75916,349.52,0.948844884,0.402042206,3.756760369,68.96309805,8.685766633,0.9311,3.430625784,2.062315613,0.802460891,0.240477625,6.047002226,0.826949029,0.632095742,1.144232934,0,-12.5002
14222500,7.372717317,2.150850171,0.090027424,0.291730997,9.45,1.465116279,45.83678,-122.46621,485.85,77.2061,323.89,1.038528897,0.454238259,1.10577626,28.56475454,19.96307889,0.9757,4.235637277,2.633724658,0.88054733,0.193881021,5.294573957,0.718130606,0.559948922,1.148879277,0,-12.6245
14236200,5.589798768,2.034344244,0.114713955,0.363938726,10.95,1.489795918,46.59538,-122.45956,490.53,97.48567,360.99,1.067503925,0.45247429,1.138693816,31.34737194,17.53269039,0.981,4.481461573,2.275459747,0.868109028,0.153470187,5.469977496,0.978564296,0.56925891,1.31639117,0,-13.1605
14301000,5.819216975,2.838102601,0.03247989,0.487712112,12.05,1.685314685,45.704,-123.7554,375.21,62.14889,1743.54,1.269452939,0.46620322,0.869890749,22.01054483,20.19355758,0.963,4.474233274,2.538666919,0.871688745,0.143892429,3.618246886,0.621775559,0.516547101,1.513209237,0,-14.6236
14303200,6.694406571,2.160970075,0.088754104,0.322802335,13.85,1.834437086,45.32428,-123.5465,572.22,70.81645,8.06,1,0.457301,1.187421504,29.5,15.7,1,3.258786242,1.520929522,0.83134334,0.077387667,5.357591271,0.800308618,0.538191736,1.318645106,0,-14.8451
14305500,6.670030116,2.172890637,0.025741428,0.325769239,14.7,1.642458101,44.71512,-123.88733,276.16,55.46804,526.33,1.050113895,0.45020288,1.177854884,32.59531524,20.2302456,0.9943,4.683962335,2.442430817,0.86895564,0.125302036,6.605015353,0.990252703,0.52084829,1.140322947,0,-14.2961
14306340,6.489867214,2.444392512,0.069380415,0.376647539,14.55,1.853503185,44.2479,-123.63649,397.44,62.50098,14.73,0.961538462,0.447261829,1.378960068,34.40342647,17.04121256,0.9933,3.371345422,1.691699926,0.816131622,0.095280902,4.161376312,0.641211318,0.478171732,0.983996098,0,-14.9652
14306500,6.286937714,2.963946913,0.020298271,0.471445249,13.95,1.8,44.38595,-123.83178,308.31,57.46785,857.16,1.06013986,0.45310791,0.937889563,30.01700819,24.27856959,0.9993,3.77191802,1.972874013,0.859424595,0.133281624,3.837111802,0.610330812,0.545519543,1.485431939,0,-14.6983
14308990,3.655583847,3.064349309,0.135825516,0.83826536,16.1,1.721925134,42.82318,-123.12589,987.04,96.62676,167.76,0.889679715,0.432558699,1.62840211,45.06587718,18.47459962,1,4.607645504,2.270620866,0.901358085,0.110966581,1.255902743,0.343557362,0.551512998,2.157335883,0,-14.2313
14309500,4.977780972,3.122203901,0.061255369,0.62722806,15.1,1.776470588,42.804,-123.61091,709.83,110.42527,224.92,0.894594595,0.442804143,1.335304315,37.75121719,23.21386182,1,4.22790223,1.986325197,0.88341354,0.115740864,2.457699818,0.493734022,0.459454969,1.220095908,0,-14.8976
14316700,4.543400411,2.277629747,0.176336581,0.501305089,14.75,1.446078431,43.34984,-122.72894,952.26,119.0892,587.9,0.879292404,0.443106793,1.288300662,37.23849483,24.36363361,1,4.859652452,2.828734601,0.914353687,0.171175529,2.925936887,0.643997144,0.508616082,1.552484424,0,-13.5958
14325000,6.297437372,2.434651732,0.030203392,0.386609916,14.6,1.467336683,42.8915,-124.07065,656.53,124.96889,443.07,0.990318119,0.44224913,1.425769853,38.96157846,20.06872599,1,4.150730364,1.867148228,0.873517082,0.115976631,4.0722833,0.646657213,0.480768555,1.127976384,0,-15.1799
14362250,2.781675565,3.325188309,0.141500009,1.195390416,20.45,1.786026201,42.15401,-123.07532,875.67,109.93127,41.42,0.625,0.442871943,1.363910128,37.91439384,22.40437183,1,4.430337703,2.451488836,0.868294275,0.117102269,0.332015182,0.119357982,0.518407662,2.694494538,0,-12.5264
14400000,5.556071184,2.279667584,0.024330391,0.410302084,19.3,1.537848606,42.12344,-124.18731,625.31,98.81802,702.63,0.929015084,0.452074351,0.941309632,30.02658729,27.8051216,1,3.218271454,1.430863217,0.743439834,0.097405015,7.568102962,1.362132109,0.485781099,1.386227502,0,-14.7163
